1000.208643,0.030282959,-0.107475859
998.8209849,-0.03679896,-0.157143505
997.4570378,0.029677826,0.122575407
996.1477822,0.025446792,0.371463436
994.8859164,0.143947706,0.578173131
993.6660143,0.183082864,0.777406679
992.4880135,0.158493727,0.983294438
991.3179072,0.171305197,0.850006111
990.1592893,0.207896454,1.097051493
989.0233797,0.078541241,1.068018955
987.9130976,0.203388259,1.344167897
986.8329507,0.132571309,1.357906779
985.7648123,0.022439966,1.460351891
984.7171365,0.047790676,1.553481104
983.6871512,0.185693637,1.629426353
982.6920259,0.116933333,1.894638844
981.7479805,0.190301754,2.120091285
980.8396779,0.208180132,2.239567544
979.9481192,0.170781842,2.281757795
979.0650252,0.257016685,2.31937828
978.2158608,0.195926624,2.612994121
977.4231446,0.281542304,2.861591882
976.6742605,0.306121227,3.035907448
975.9562992,0.274915546,3.15998751
975.2623402,0.377088597,3.265318764
974.5871414,0.406119792,3.341356044
973.9264205,0.372646123,3.405358146
973.2782522,0.470148527,3.460368814
972.6415699,0.493699126,3.516816065
972.0179277,0.456946461,3.586806891
971.4111175,0.372392394,3.679854528
970.8227671,0.430626229,3.762725471
970.2545319,0.430169715,3.874922415
969.7131433,0.385548619,4.022771926
969.2003543,0.482670281,4.148711522
968.6871828,0.407229465,4.020591364
968.1578539,0.292436607,3.994650371
967.6246401,0.318702513,3.981290501
967.0977571,0.302406368,4.057863121
966.5857592,0.417791353,4.123145831
966.1060787,0.336636996,4.372963644
965.674668,0.411672357,4.586837857
965.2763534,0.444978001,4.692014999
964.8914568,0.43427199,4.716347505
964.5056474,0.379229984,4.683502936
964.1141718,0.458669536,4.660262156
963.7135331,0.471170618,4.595884087
963.3327729,0.548061416,4.85425382
962.9978356,0.57606574,5.03860009
962.6957508,0.558736803,5.171926782
962.4179273,0.50049147,5.273432483
962.159948,0.589935223,5.361848443
961.9184503,0.618516969,5.43350573
961.6914369,0.596115726,5.502557616
961.4470721,0.498717222,5.264138085
961.1905667,0.578522806,5.386926864
960.9602107,0.604470077,5.517319835
960.7267132,0.517194614,5.354842876
960.4631008,0.564885736,5.225407805
960.2113718,0.647268914,5.472688247
959.9815947,0.583876014,5.435466776
959.752291,0.490383229,5.477621651
959.5318545,0.547207629,5.519205522
959.3274558,0.565610967,5.632609602
959.1537086,0.561048791,5.814843126
959.0055139,0.54237878,5.879001481
958.8612289,0.501007274,5.852522576
958.7124364,0.598922531,5.833665228
958.5522969,0.642723515,5.743311526
958.3989553,0.528021921,5.903670936
958.2771459,0.577687609,6.045115414
958.1770189,0.586420147,6.112701045
958.0855679,0.554816561,6.128691734
957.9940427,0.484762704,6.111877007
957.9001095,0.560959316,6.103273892
957.8021582,0.576749135,6.073289704
957.6972973,0.54003191,6.036769482
957.5860042,0.64215171,6.009107028
957.4690926,0.676780366,5.982978579
957.3480614,0.655468698,5.969755953
957.2265242,0.588905123,5.978494305
957.1073294,0.668767748,5.990137793
956.9931188,0.690265687,6.027300552
956.8898776,0.666602555,6.096710256
956.8048002,0.60967024,6.203341188
956.7405981,0.705529049,6.295846482
956.6995183,0.755357546,6.427636253
956.6594498,0.653892173,6.306948924
956.6047768,0.530657085,6.288488795
956.5477092,0.563375813,6.281883524
956.4981606,0.565736167,6.363172815
956.454984,0.549227103,6.342357542
956.4081845,0.670977235,6.326563983
956.3793607,0.60984036,6.519309034
956.3805156,0.539565425,6.615288389
956.4006383,0.626168676,6.700570371
956.4306665,0.667990723,6.711088982
956.4573932,0.665622822,6.669166196
956.4718872,0.620929725,6.593677736
956.472505,0.717331884,6.533954195
956.4582372,0.750168326,6.451071229
956.4582878,0.694311552,6.676558719
956.4677187,0.639056565,6.53874313
956.4840998,0.714754882,6.745665277
956.5068275,0.742468494,6.597618363
956.5347312,0.729256546,6.799926848
956.5703883,0.658473537,6.6700595
956.5843741,0.548258663,6.591783057
956.5844748,0.589858386,6.534606639
956.5774676,0.579684126,6.524157187
956.5733598,0.531198029,6.563274355
956.577261,0.631824818,6.599785456
956.5936424,0.683610902,6.684339585
956.6326823,0.7011743,6.818752027
956.7048176,0.697376617,7.003709335
956.7829084,0.707610119,6.872503692
956.8450487,0.686850163,6.850016666
956.893774,0.648359922,6.743144436
956.9515741,0.605360984,6.940602797
957.0393576,0.556962294,7.03203362
957.1377531,0.49461349,7.042696737
957.2389596,0.585102038,7.057029688
957.3365513,0.628420665,7.00786892
957.4194941,0.62586375,6.915740693
957.4806812,0.579819283,6.798001353
957.5521134,0.614484444,7.016101138
957.6297466,0.664894121,6.85410893
957.7066417,0.620117168,7.012353929
957.8126969,0.552031722,7.135064167
957.9102121,0.654757949,6.924789994
957.9999834,0.687962054,7.063319652
958.1168381,0.683770387,7.186063866
958.226172,0.619155138,6.988950541
958.2987652,0.693889948,6.829612624
958.3760737,0.760179081,7.03666981
958.4640763,0.724542521,6.932102049
958.5371027,0.651569322,6.893140592
958.6086522,0.553556524,6.918861742
958.6860818,0.614973198,6.947649998
958.7754001,0.638543526,7.034983319
958.8886773,0.63798728,7.180314252
959.0001562,0.650829541,7.015988659
959.0891577,0.630860329,6.965726177
959.1689662,0.752672818,6.925548633
959.2605837,0.684524055,7.08288714
959.3746654,0.614216394,7.141478683
959.4931843,0.532880734,7.125298355
959.6094786,0.606949755,7.118377793
959.7181321,0.636219512,7.051871718
959.8088268,0.621706021,6.945606942
959.91132,0.671205146,7.168043421
960.0200833,0.751054116,7.002930298
960.1261321,0.719277989,7.146463555
960.2574827,0.663334326,7.247633377
960.4070584,0.584420804,7.322964754
960.5717465,0.668274224,7.391860725
960.7164263,0.701199445,7.127715504
960.844121,0.686651912,7.232468114
960.960946,0.614299,7.020571804
961.0705936,0.723726889,7.164901503
961.1778251,0.733432908,6.995291271
961.256622,0.693274364,6.891584081
961.3206425,0.617017621,6.853474966
961.3834128,0.516783408,6.879998288
961.452212,0.576791938,6.909847371
961.5332022,0.599746411,6.998053859
961.6384552,0.599260392,7.144063882
961.7422429,0.613252821,6.980235255
961.823842,0.594775246,6.930232716
961.8963112,0.718232786,6.890396606
961.9804627,0.652189216,7.048069857
962.0871034,0.584368027,7.106973121
962.2057084,0.675324123,7.161308838
962.3274482,0.726412081,7.137209614
962.4383895,0.736539536,7.057132421
962.5289076,0.706160567,6.940172969
962.6293105,0.742707198,7.154273212
962.7665211,0.751429563,7.294839296
962.9275207,0.731759866,7.383401171
963.1034058,0.684589654,7.438120365
963.2887367,0.61192155,7.474251534
963.4490996,0.709491885,7.192112508
963.5880392,0.736072331,7.270601493
963.7426477,0.725205235,7.343300746
963.8802237,0.654691182,7.104491391
964.0079047,0.58365368,7.250108985
964.1317575,0.624662379,7.063608886
964.2238542,0.610374621,6.944736451
964.2981755,0.555513809,6.893120641
964.3685503,0.473001427,6.907707623
964.4426408,0.547835503,6.9267651
964.5267211,0.583140988,7.005535621
964.6330922,0.593001014,7.14335829
964.7362022,0.615020225,6.972448754
964.8155554,0.603342366,6.916442964
964.9129246,0.576822897,7.148338755
965.0460792,0.551082169,7.260553049
965.1929545,0.515451998,7.280038883
965.3440953,0.632415968,7.299997092
965.4917277,0.704149399,7.246279523
965.6228248,0.730631431,7.140802311
965.7285649,0.713199687,7.002168912
965.8354197,0.581974977,7.155879533
965.9726582,0.627840804,7.293490687
966.1329049,0.639386103,7.378498559
966.3071619,0.618511428,7.429395821
966.4899587,0.568079083,7.461674171
966.6468968,0.683727495,7.175111759
966.7813565,0.726546623,7.249538186
966.9305864,0.729655183,7.318529874
967.0621075,0.670338237,7.076483735
967.1829166,0.610177441,7.21917186
967.2993303,0.659650681,7.029503159
967.3833711,0.653048319,6.907942856
967.4491424,0.605325886,6.854052481
967.5105847,0.529596911,6.8667043
967.575242,0.610524176,6.883307501
967.6495148,0.651833965,6.959942084
967.7458019,0.667720136,7.095853047
967.8468979,0.529530275,7.004475408
967.9319163,0.552440783,6.938816518
968.0328953,0.556711103,7.161705643
968.1677745,0.556655963,7.265542229
968.3146653,0.542462855,7.277362073
968.4569033,0.507428457,7.220488932
968.5889387,0.620127008,7.176877152
968.7062626,0.681410667,7.07868314
968.7995622,0.693547194,6.945201825
968.8949886,0.589783431,7.103011664
969.0214692,0.659238338,7.2421166
969.1712732,0.690917714,7.327747974
969.335257,0.68727798,7.378673965
969.5078498,0.651659954,7.410597073
969.6864623,0.588043616,7.436584852
969.8380968,0.677459225,7.145511068
969.9676292,0.714518708,7.2261533
970.1141495,0.714546817,7.30955269
970.2467392,0.639838885,7.090445278
970.3416785,0.527647219,6.947107141
970.4105119,0.568887618,6.836435078
970.4629822,0.562100099,6.790337261
970.5124327,0.521497537,6.808430609
970.5720488,0.459567299,6.889617725
970.6479026,0.557467309,6.962841895
970.7447918,0.621314955,7.094222229
970.8451826,0.521202651,6.999017683
970.9285047,0.57623236,6.927677409
971.0175205,0.448233917,7.057043201
971.1323951,0.495652397,7.175058889
971.2618545,0.521112878,7.197240046
971.388514,0.519138622,7.147892144
971.4996766,0.486582093,7.0478628
971.5923619,0.5979627,6.968192001
971.69588,0.572480737,7.156755642
971.8314386,0.530712383,7.277588841
971.9549597,0.524702564,7.037506315
972.0654746,0.607022717,7.154512905
972.1958946,0.646895223,7.230387501
972.3394549,0.648732785,7.282157615
972.4926241,0.617461289,7.323951899
972.654546,0.5583388,7.367416007
972.7928583,0.636998978,7.091505437
972.9127112,0.683201332,7.1937044
973.0222223,0.645411817,6.989642353
973.0968549,0.565443759,6.858171487
973.1515244,0.455942141,6.797744374
973.1958101,0.504635014,6.756307569
973.2378556,0.511700528,6.776788552
973.2904734,0.490980347,6.858663108
973.366291,0.454631317,7.000679442
973.4697096,0.579430575,7.122927236
973.57526,0.528453392,7.01962798
973.6618487,0.624645665,6.938197078
973.7520879,0.533836133,7.060023061
973.8580817,0.446856732,7.089765128
973.9707446,0.52259185,7.122131265
974.0823937,0.562714017,7.07995115
974.1798199,0.565379757,6.984894362
974.2539768,0.530407886,6.855436804
974.3357282,0.561568035,7.05996096
974.4524699,0.567697547,7.192542002
974.5914777,0.547683691,7.274373594
974.7440816,0.501972025,7.323363077
974.9067283,0.615257501,7.368742869
975.0765772,0.67764953,7.392857652
975.2179644,0.694806204,7.091770302
975.3355553,0.666441917,7.166045207
975.4691161,0.612208898,7.245855389
975.5881581,0.497659564,7.02444319
975.698672,0.58667684,7.162835304
975.8066821,0.571682154,6.999675364
975.8884872,0.516196337,6.911045647
975.959308,0.433426682,6.894766838
976.0280225,0.508707451,6.888504667
976.1019061,0.545141193,6.946097315
976.1940516,0.556916826,7.066233075
976.2795752,0.581942135,6.880581325
976.3385352,0.573826497,6.81224653
976.4131657,0.551610186,7.033845305
976.5216216,0.530942093,7.137449912
976.6421589,0.500962262,7.149732313
976.7581971,0.454098306,7.093757131
976.8642726,0.558138367,7.052015896
976.9559882,0.613485786,6.955593785
977.0239853,0.621895577,6.82375305
977.0943491,0.515022665,6.982797597
977.1959843,0.583214063,7.123629844
977.3211816,0.615159865,7.210792082
977.4607529,0.613035254,7.263071387
977.6090926,0.579962075,7.296193928
977.7309672,0.526353329,7.005252439
977.830825,0.614862242,7.085854882
977.9464915,0.658081039,7.158753925
978.0451034,0.631861438,6.91918216
978.1333717,0.603552147,7.062970484
978.2205287,0.498358622,6.906189768
978.2789391,0.546087002,6.784104918
978.3188255,0.545639613,6.728360142
978.3539032,0.511402804,6.738299191
978.3976793,0.456004754,6.812577374
978.4563024,0.560340458,6.879620861
978.5349097,0.630962238,7.005625643
978.616428,0.537480312,6.905964768
978.6799751,0.599009653,6.830357202
978.7482648,0.478573191,6.956858673
978.8418263,0.533459279,7.071777701
978.9493429,0.566177753,7.0913265
979.053552,0.571239147,7.039758263
979.1418653,0.54549721,6.937883967
979.2113214,0.663613383,6.855769712
979.2912304,0.646648196,7.042785231
979.4029634,0.613088648,7.162243566
979.5024344,0.612774562,6.920585648
979.5860518,0.52099654,7.012719424
979.6882141,0.598035863,7.096831303
979.8050765,0.632298769,7.1544296
979.9326651,0.629429967,7.20023347
980.0697859,0.595319721,7.24635502
980.1848619,0.510194473,6.9856542
980.2839162,0.607305912,7.09139526
980.3730865,0.610384065,6.889271197
980.4276502,0.565783094,6.758438511
980.462269,0.487107481,6.697775384
980.4913124,0.386337681,6.705627624
980.5229906,0.448067457,6.720901471
980.5639847,0.474318227,6.796904865
980.6267829,0.478612469,6.932756144
980.6859939,0.499718875,6.760604525
980.7212244,0.489072454,6.703662267
980.7743057,0.46480121,6.934885712
980.8630577,0.44373329,7.046636853
980.9654465,0.414610899,7.065754814
981.064636,0.369542995,7.015464697
981.154988,0.475893553,6.978878944
981.2319481,0.534119863,6.886630255
981.2859694,0.545798558,6.758129522
981.3429604,0.441770835,6.919658487
981.4317265,0.513093201,7.062853648
981.5444905,0.54845976,7.151854145
981.6719646,0.549945757,7.205535838
981.8084607,0.520600061,7.239704133
981.9186802,0.471198216,6.949530317
982.0070376,0.563421678,7.030856914
982.1113267,0.610404875,7.104219411
982.198634,0.588221722,6.864885538
982.2756336,0.563630635,7.008788313
982.3515318,0.462325246,6.851989327
982.3986788,0.5138656,6.729870568
982.4272846,0.517166982,6.673995378
982.4510483,0.486648407,6.68374419
982.4834675,0.434970582,6.757797384
982.5306784,0.543030279,6.824523442
982.5978027,0.617415645,6.950160334
982.6677686,0.527547992,6.850205374
982.7196892,0.592662224,6.774166681
982.7762796,0.475991594,6.900399093
982.8580669,0.534654326,7.014850835
982.9537127,0.571033883,7.033934081
983.0459573,0.5796324,6.981924732
983.1222195,0.557305561,6.879655433
983.1739276,0.502772412,6.744956499
983.2323529,0.517099954,6.946228785
983.3252106,0.510698609,7.076629987
983.4399661,0.481690108,7.157045173
983.5356869,0.468434477,6.889432806
983.6135826,0.560673682,6.986069306
983.7085199,0.608631635,7.053740603
983.8160656,0.61813577,7.107636724
983.9346547,0.595251689,7.160254411
984.0324187,0.519286804,6.904855963
984.117182,0.443651489,7.037094408
984.1956857,0.485256232,6.840415572
984.240494,0.473653945,6.712993726
984.2659028,0.423351709,6.654237817
984.2860128,0.347104417,6.662900061
984.3087622,0.429908476,6.677431836
984.3406212,0.474577667,6.752226321
984.3939981,0.495123133,6.88655748
984.4514045,0.363880666,6.793322699
984.4924583,0.394858295,6.726820183
984.5493957,0.406973118,6.948701485
984.6400945,0.416134715,7.051462114
984.7426153,0.412114809,7.062139099
984.8402507,0.387897209,7.004088032
984.9274116,0.511952089,6.959497759
984.9996079,0.584884457,6.860131427
985.0474775,0.608823793,6.725403298
985.0971591,0.517027045,6.882020489
985.1739207,0.418308366,6.986968123
985.2716899,0.491595137,7.082952822
985.3853806,0.525418611,7.141402099
985.5089064,0.523724246,7.178701708
985.6066713,0.495818644,6.890430797
985.6830223,0.42530213,6.976539223
985.7765913,0.520831788,7.054849356
985.8539884,0.537653625,6.818479733
985.9214994,0.548824958,6.963524559
985.9880648,0.475814625,6.807161552
986.0299136,0.372942733,6.725791335
986.0574219,0.428284047,6.667112812
986.0793882,0.442083258,6.672996067
986.1091347,0.428338997,6.742538525
986.1597243,0.399338324,6.874152057
986.2062714,0.396647448,6.699722831
986.2286743,0.366166071,6.641415794
986.2406138,0.482804248,6.596921716
986.2632022,0.412482431,6.749316953
986.3073205,0.345443942,6.80418238
986.3628023,0.440581755,6.856670197
986.4210494,0.499234847,6.830814345
986.4681387,0.519497884,6.748996516
986.4944466,0.501187092,6.630295808
986.5303265,0.549874366,6.843085525
986.6027339,0.572703934,6.982225814
986.6986285,0.568617362,7.069273193
986.8090929,0.538141785,7.122436348
986.9286844,0.483018829,7.157026181
987.022189,0.414929979,6.867905454
987.0943864,0.490285353,6.951792467
987.1831305,0.52397859,7.027602087
987.2553184,0.493190113,6.790351745
987.3178061,0.460161094,6.936275381
987.3763632,0.534765417,6.748499018
987.4028456,0.551876649,6.627866212
987.4111607,0.526759136,6.574257226
987.4151061,0.472816514,6.586781254
987.4282263,0.401861262,6.66392889
987.4569245,0.494668124,6.734742598
987.5062253,0.556618562,6.864323395
987.5586843,0.457748014,6.767605924
987.5938286,0.516133595,6.695342102
987.6344934,0.393329934,6.823986446
987.7008887,0.447691684,6.941425092
987.781752,0.481418295,6.963050801
987.8597027,0.488667047,6.913171967
987.9220512,0.466017335,6.812663978
987.9601315,0.411968916,6.679405068
988.0051737,0.426080902,6.882116682
988.0848368,0.420307794,7.013741342
988.1543928,0.445326566,6.781522844
988.2096862,0.375758453,6.880781156
988.2847165,0.472915376,6.970254583
988.3752999,0.525447109,7.031783307
988.4772064,0.539279219,7.080425197
988.5564406,0.50769038,6.810752355
988.6187828,0.453773552,6.921701047
988.6705127,0.526134362,6.703666768
988.7156349,0.589640194,6.862037534
988.7622878,0.55715435,6.716345893
988.7861659,0.489540587,6.643080096
988.8021063,0.399142151,6.640254914
988.8185271,0.470421846,6.645865221
988.8425027,0.506024585,6.71358398
988.8868243,0.51967263,6.842285268
988.9345361,0.38369723,6.744413773
988.9650389,0.411204379,6.674261128
989.0106495,0.421319995,6.893405101
989.0894513,0.429648472,6.994109547
989.179664,0.425728852,7.003237128
989.2647038,0.40235098,6.944012948
989.3324729,0.354911208,6.836465708
989.3806021,0.456130831,6.752409896
989.4072734,0.504905141,6.629570526
989.4380181,0.43576371,6.79553306
989.497643,0.357015505,6.90757846
989.579621,0.447914187,7.008489716
989.6785034,0.497305046,7.070472623
989.7879478,0.509398502,7.110225846
989.8720724,0.492574717,6.823567486
989.9352338,0.433125056,6.910728201
990.0158262,0.538596093,6.989073241
990.080178,0.563037011,6.75258157
990.1347724,0.582493885,6.89718784
990.1882074,0.515629983,6.740536936
990.2168513,0.418471768,6.658901787
990.2310877,0.47917645,6.599282585
990.2395413,0.498061986,6.604360693
990.2555251,0.48921545,6.673241347
990.2920899,0.465002713,6.804335522
990.3242963,0.465362062,6.629397379
990.3320706,0.438137691,6.570833515
990.3574563,0.399947057,6.801333017
990.4184406,0.36920408,6.913054805
990.4931027,0.333831124,6.932554022
990.5646705,0.285260164,6.882860597
990.6275997,0.39008024,6.847556432
990.6773839,0.448638803,6.756388605
990.7044334,0.46210704,6.628763234
990.7345967,0.360297667,6.790813659
990.7966779,0.434986481,6.934834249
990.8829043,0.474728467,7.024424474
990.9515186,0.514838849,6.762194071
991.0013585,0.474712987,6.847969398
991.0674262,0.412493449,6.919475204
991.1478841,0.514902103,6.985139841
991.2086733,0.551988168,6.727612391
991.2546639,0.562936333,6.846665908
991.2935984,0.502055838,6.657321774
991.3005373,0.405442499,6.538871409
991.286006,0.46346584,6.448581655
991.25899,0.474622808,6.419271455
991.2321836,0.452995552,6.451160161
991.2182394,0.411000887,6.543630704
991.2296108,0.359622586,6.695387106
991.2706038,0.475036609,6.827279186
991.315544,0.420156203,6.731809731
991.3431121,0.515865778,6.657801788
991.375712,0.42696117,6.785530712
991.4252186,0.34468469,6.820437156
991.4824162,0.427180289,6.857426231
991.5394701,0.475773179,6.818987446
991.5830028,0.48816063,6.726934817
991.6038299,0.463815642,6.599891947
991.6279819,0.328585537,6.762805622
991.6845791,0.375521593,6.910068977
991.7661162,0.392716344,7.003034653
991.863268,0.381044268,7.060383202
991.9376874,0.365409767,6.780564622
991.9921753,0.471761167,6.86875247
992.0629946,0.531976646,6.938124798
992.1476531,0.553294047,7.00230337
992.2135852,0.512953274,6.755719088
992.268084,0.471894096,6.89424182
992.3203466,0.359812087,6.733043666
992.343245,0.403531385,6.608727941
992.3471757,0.401152493,6.551127254
992.3458949,0.366737179,6.559560955
992.3529426,0.312659356,6.632667413
992.3747424,0.420165319,6.699571294
992.4163472,0.495021084,6.825390429
992.4603548,0.407463088,6.725181077
992.4863399,0.475867434,6.649586764
992.5171916,0.362183169,6.775283021
992.5646864,0.259736442,6.809189499
992.6198496,0.325478442,6.847333721
992.6751321,0.360643352,6.810227854
992.7171488,0.362331721,6.719526109
992.736685,0.329514793,6.593742275
992.7645207,0.362928589,6.801901696
992.7960578,0.439076701,6.626144006
992.8227633,0.404763521,6.759923282
992.8729341,0.351772587,6.853086133
992.9398155,0.280253245,6.921782785
993.020717,0.375055972,6.986684399
993.1134367,0.424993551,7.036800916
993.1836472,0.423215808,6.767297252
993.2368985,0.396019527,6.877468998
993.2814291,0.308084173,6.680851833
993.2896491,0.369240473,6.525709826
993.2720282,0.376866227,6.432605916
993.2415203,0.345377185,6.402153895
993.2111159,0.287500877,6.434102609
993.1876287,0.387794574,6.467040393
993.1768079,0.44952791,6.556757336
993.1904393,0.486785419,6.703083259
993.2108171,0.370704012,6.619995194
993.2166549,0.415965491,6.560809231
993.2302619,0.282741946,6.700079787
993.2718021,0.32963322,6.827812535
993.3297695,0.359031611,6.858339092
993.3865325,0.364404355,6.816033153
993.4291619,0.341763682,6.721860527
993.454515,0.46474327,6.647241016
993.4916601,0.452538929,6.839699994
993.5298046,0.492488168,6.652603903
993.5611276,0.426095598,6.777523085
993.614431,0.346357302,6.864133653
993.6852723,0.435425243,6.944018023
993.7699626,0.481790938,6.997630622
993.8645801,0.491043322,7.039707356
993.9352679,0.456941364,6.764537619
993.9881998,0.400626359,6.870904978
994.0296579,0.472271891,6.649505576
994.0640552,0.535056215,6.805047341
994.0992874,0.502975935,6.656831522
994.1112412,0.43608538,6.581411205
994.1147944,0.346675337,6.576780578
994.118564,0.41947997,6.58117656
994.1295538,0.456780996,6.647854193
994.160551,0.472283112,6.775706539
994.1943555,0.338387892,6.677152621
994.2108418,0.36834693,6.606613933
994.2330661,0.220379604,6.735551834
994.2813886,0.254710548,6.856181466
994.3448538,0.273791404,6.881041355
994.406062,0.270730756,6.834184742
994.4522615,0.241232271,6.736323876
994.4805444,0.358468565,6.659823495
994.4886994,0.421411866,6.542792574
994.501923,0.364751802,6.713193449
994.5447429,0.297255513,6.828677372
994.6104284,0.398450604,6.932058168
994.6933555,0.457214619,6.995885829
994.7544965,0.494530044,6.719389019
994.7952708,0.46825699,6.80400908
994.8529711,0.418219095,6.883434245
994.8950621,0.325833398,6.651012433
994.9264977,0.417319194,6.782239145
994.9529859,0.421065917,6.601226288
994.9488755,0.379636869,6.488020943
994.9281921,0.306162586,6.442050878
994.9047777,0.212261487,6.462124647
994.8863475,0.282273351,6.488240641
994.879368,0.317949588,6.573019604
994.8959751,0.332656336,6.715909733
994.9105183,0.365772955,6.549361547
994.902316,0.367401478,6.496692223
994.912649,0.355620025,6.731370227
994.95922,0.347683033,6.845865272
995.0198916,0.332024746,6.867091181
995.0777372,0.300524731,6.818365153
995.1270449,0.420318893,6.782554732
995.1631035,0.491890362,6.690625365
995.1763065,0.51671466,6.562114797
995.1925472,0.426951687,6.723735955
995.23692,0.331896067,6.83285489
995.3032298,0.409969013,6.932626234
995.3862688,0.449591319,6.99402243
995.4471623,0.472379754,6.716001205
995.4875888,0.432706279,6.799544271
995.5448577,0.371486265,6.878303491
995.5853374,0.454230343,6.632897743
995.613347,0.506931557,6.760501371
995.6357341,0.479337314,6.577423589
995.6272396,0.411458401,6.463372522
995.6020762,0.315586304,6.417440291
995.5693418,0.379360917,6.388015405
995.536565,0.402531313,6.418244482
995.516096,0.398828675,6.508039605
995.5201777,0.380355639,6.656494235
995.5231963,0.387194778,6.495964217
995.5045083,0.366521324,6.449275977
995.5056761,0.334816823,6.689546347
995.5442872,0.310697093,6.809287181
995.5980869,0.281940298,6.835336651
995.6500237,0.239878231,6.79097276
995.6943172,0.351058522,6.759929015
995.7262577,0.415780203,6.67214498
995.7360916,0.435186944,6.547200885
995.7495442,0.339396025,6.711451299
995.7915482,0.23952229,6.822922688
995.8559366,0.313703747,6.925624232
995.9375117,0.350286459,6.989542459
995.9973934,0.37250475,6.713780251
996.0370546,0.330732841,6.799066621
996.0937975,0.267903238,6.87929893
996.1667014,0.371246358,6.953273567
996.2225574,0.397256805,6.712787069
996.2354056,0.369633871,6.53953347
996.2513148,0.361657806,6.746017787
996.2791965,0.267462512,6.652732858
996.2904935,0.33107799,6.584312167
996.2943646,0.352804125,6.581776263
996.3043906,0.346800408,6.644066305
996.3338614,0.325492658,6.769446842
996.3580915,0.330786076,6.589682998
996.3571454,0.3081437,6.526756463
996.3448414,0.432615938,6.478231645
996.3424037,0.370274525,6.627123419
996.3608194,0.311295038,6.678957915
996.3823918,0.245504073,6.657224015
996.4008365,0.337772769,6.64652726
996.4108979,0.387941382,6.576345821
996.4023009,0.396269019,6.466515114
996.4002632,0.291234006,6.64342665
996.4331325,0.364657262,6.800453326
996.4927241,0.404865965,6.900880223
996.5692907,0.413265583,6.963916947
996.656747,0.392383594,7.005679295
996.7193782,0.352939249,6.721629837
996.7615899,0.271840166,6.811435478
996.8220105,0.360351906,6.894574151
996.8671064,0.375133097,6.662005842
996.9032374,0.383908991,6.810357638
996.9388848,0.312219524,6.656376579
996.9462755,0.390578192,6.535572312
996.9352693,0.418274212,6.480027431
996.919361,0.410178302,6.489444312
996.9118981,0.379354842,6.562742534
996.9259344,0.33731919,6.698212158
996.9365454,0.326487671,6.527800524
996.9236202,0.290244519,6.473313155
996.9010503,0.403730513,6.43284384
996.8900366,0.331411945,6.588031192
996.9011446,0.264443546,6.645370458
996.9241011,0.361318365,6.700423731
996.9503035,0.42300802,6.676635141
996.9657078,0.447298583,6.59647678
996.9605928,0.433773535,6.47911843
996.9605876,0.308978659,6.650097701
996.9944004,0.365761839,6.803451205
997.0541947,0.392038445,6.901365288
997.1304286,0.388806903,6.962770385
997.1846403,0.380223528,6.686253957
997.2185684,0.310653404,6.771643024
997.2696468,0.408343676,6.850004396
997.3360665,0.462120641,6.920635422
997.3849509,0.448895477,6.678680673
997.3906709,0.388442789,6.505315277
997.3995705,0.350847044,6.713016051
997.416737,0.412933453,6.580440274
997.4133408,0.426718844,6.515532938
997.4033606,0.406771303,6.517513403
997.40054,0.365885141,6.584905925
997.4182583,0.315335679,6.715677535
997.4318922,0.298444729,6.541597524
997.421504,0.257070389,6.484083966
997.4009591,0.366229944,6.441695869
997.3913959,0.290244392,6.5952049
997.4036118,0.2206804,6.651320079
997.4275375,0.31542337,6.705849349
997.4546173,0.375790449,6.681677662
997.4708534,0.399387687,6.601186312
997.4665506,0.38564302,6.483480902
997.4673206,0.26042356,6.653923578
997.5019421,0.316913951,6.807207214
997.5626219,0.343204246,6.904940598
997.6398003,0.340180653,6.966046502
997.6949383,0.332437403,6.689153228
997.7298591,0.26310456,6.773999382
997.7819639,0.36104129,6.852228745
997.8494602,0.41504364,6.922578009
997.8992969,0.402468904,6.680177703
997.9059058,0.342442574,6.506261172
997.9157573,0.304545941,6.713441893
997.9337086,0.366899177,6.58066931
997.9310258,0.380693681,6.515486897
997.9216425,0.360491812,6.517170127
997.9192652,0.319088276,6.584294866
997.9372425,0.267764091,6.714875561
997.9509146,0.250719774,6.540819925
997.9403695,0.208833967,6.483394155
997.919723,0.317634198,6.441452569
997.9102797,0.240481522,6.594687508
997.9226011,0.16996751,6.650511895
997.9465786,0.263959915,6.705220338
997.9737373,0.323732424,6.681133389
997.9900357,0.346862651,6.60065775
997.9857437,0.332758092,6.482919919
997.9864343,0.206256969,6.653052014
998.0208699,0.261718689,6.806546765
998.0813059,0.287201707,6.904494352
998.1257937,0.320328725,6.649881041
998.1529207,0.272483006,6.741671977
998.1974303,0.205158658,6.818272949
998.2574839,0.30454564,6.889942382
998.2989827,0.343269503,6.637116538
998.3265646,0.353681412,6.759994288
998.3477651,0.296094709,6.573305442
998.3374405,0.202965095,6.456742096
998.3061259,0.264895323,6.369186116
998.2628091,0.280022369,6.341805413
998.2200379,0.26236623,6.375011186
998.1903543,0.224307891,6.468346506
998.1791677,0.346797456,6.551484825
998.1909682,0.435979811,6.690350899
998.2080486,0.361819518,6.600692336
998.2090424,0.442597394,6.533211961
998.2162712,0.341341442,6.666009823
998.2414277,0.250422841,6.705651468
998.2753061,0.32687825,6.747805765
998.310043,0.371965194,6.713839672
998.3321188,0.382841553,6.625587173
998.3322137,0.35854213,6.501715156
998.336199,0.223320193,6.666924896
998.3731446,0.271393613,6.81682998
998.4355269,0.290796836,6.91192993
998.4815029,0.319160692,6.655059091
998.5098372,0.267122176,6.744971667
998.555304,0.196297155,6.820017395
998.6161561,0.292755766,6.890703215
998.6582481,0.32924049,6.637012239
998.6864407,0.337480086,6.75913304
998.7080173,0.278187247,6.571745602
998.6979478,0.18346813,6.45455716
998.6668619,0.244078433,6.366728757
998.623698,0.257907892,6.339094629
998.580976,0.238933895,6.372091772
998.551212,0.199505591,6.465290435
998.5399834,0.320884198,6.548581668
998.551632,0.408850618,6.687653726
998.5681694,0.333549848,6.598193875
998.5686869,0.413426684,6.531155994
998.5756787,0.310685827,6.66382873
998.6006153,0.218471893,6.703323749
998.6342364,0.293872252,6.745669145
998.6687492,0.338034174,6.711825821
998.6905955,0.348099925,6.623653418
998.6904263,0.323094535,6.499838863
998.6988954,0.364725737,6.70929266
998.7431889,0.383707559,6.845824542
998.8103849,0.378368824,6.930790287
998.8592838,0.386530898,6.666442216
998.8890419,0.316627369,6.750762647
998.9348361,0.230757452,6.821806746
998.9952387,0.314572534,6.889978133
999.0364664,0.341262812,6.634633247
999.0633391,0.340604108,6.755792269
999.0835248,0.27472277,6.567847385
999.0719669,0.174615124,6.450419658
999.0393272,0.2307753,6.362831536
998.9946912,0.241047933,6.335530687
998.9506258,0.219283917,6.368893066
998.9196865,0.177723507,6.462439433
998.9073438,0.297398973,6.546320996
998.9181353,0.384160846,6.685860257
998.9342996,0.308691736,6.596417181
998.9344666,0.388474829,6.529579556
998.940946,0.285986008,6.662490058
998.9653772,0.194361627,6.702249735
998.998599,0.27032588,6.744945776
999.0327789,0.315309582,6.71139714
999.0543709,0.326374636,6.623432459
999.0540286,0.302476036,6.499719771
999.0624068,0.345076421,6.709321061
999.1067178,0.365104119,6.845874808
999.1418357,0.411807769,6.616781864
999.1633834,0.363759313,6.718396489
999.2033534,0.297650962,6.794095264
999.2577961,0.214703471,6.857680816
999.3255273,0.30074296,6.919584897
999.3728564,0.32907192,6.658806631
999.4049634,0.329568098,6.775258854
999.4293902,0.264398672,6.583245896
999.4213046,0.164628076,6.462317139
999.3915446,0.220978766,6.371874071
999.3492179,0.231158985,6.342131269
999.3069396,0.209048071,6.373433818
999.2773039,0.166911496,6.465279233
999.2659908,0.286086045,6.547864196
999.2774255,0.372145544,6.68638801
999.2936205,0.295769008,6.596219878
999.2936968,0.374816534,6.528935081
999.3001692,0.271095027,6.661095783
999.3244923,0.178307849,6.700186624
999.3574569,0.253313578,6.742519835
999.3913091,0.297383517,6.708643641
999.4124848,0.307587724,6.620402466
999.4116266,0.282891156,6.496474802
999.419397,0.324306747,6.705952181
999.4629934,0.34329371,6.84247307
999.4973263,0.389646215,6.613520364
999.5179855,0.340760686,6.715230043
999.5569857,0.273981992,6.791099797
999.6103956,0.190532368,6.854918365
999.6770554,0.276210317,6.917220651
999.7234079,0.304859452,6.656825718
999.7544335,0.305214062,6.77367131
999.7779361,0.240590795,6.58197769
999.7689708,0.141439355,6.461319019
999.7383284,0.1983716,6.371222602
999.695204,0.209228887,6.341749336
999.6522301,0.187896677,6.373236264
999.6220204,0.146643827,6.465170576
999.6101219,0.266621889,6.547911534
999.6211366,0.353604169,6.686463693
999.6373145,0.278666857,6.595984644
999.6373167,0.358950953,6.528462303
999.6434765,0.256713197,6.660571608
999.6674345,0.165474813,6.699650556
999.7000724,0.241836391,6.741959081
999.733591,0.287323821,6.708051681
999.7544491,0.298967165,6.619744426
999.7533025,0.275695298,6.495697213
999.7608184,0.318561656,6.705078039
999.7723154,0.403361375,6.529938362
999.7791834,0.377931162,6.664073085
999.8096658,0.333512506,6.757285032
999.8569536,0.27025232,6.825801861
999.917333,0.189534692,6.883256409
999.9571203,0.275559232,6.622041493
999.9804776,0.309755869,6.727538846
1000.025556,0.31269102,6.831649192
1000.060589,0.249472544,6.629167697
1000.061105,0.151019833,6.499387046
1000.038269,0.208245255,6.401617067
1000.001465,0.218953943,6.365690155
999.9635283,0.197120626,6.391783355
999.9372395,0.155085339,6.479249989
999.9284507,0.274290341,6.558281252
999.9417317,0.360304159,6.693820715
999.9591953,0.284020108,6.601062059
999.960057,0.363146071,6.531706393
999.9669103,0.259402284,6.662037529
999.9912668,0.166679761,6.699604621
1000.023984,0.241784246,6.74075247
1000.057362,0.286029779,6.705875258
1000.077872,0.296470765,6.616784078
1000.076185,0.272058973,6.492130856
1000.082991,0.313650254,6.701027608
1000.093613,0.397621746,6.525641315
1000.099458,0.37110667,6.659592137
1000.128787,0.32575669,6.752762615
1000.174816,0.26172971,6.821360301
1000.233859,0.18041936,6.878997059
1000.272341,0.266320608,6.618036574
1000.294268,0.300183516,6.7238364
1000.30538,0.274904773,6.511463635
1000.311358,0.246855091,6.678295769
1000.320546,0.149547056,6.540084324
1000.304708,0.207481506,6.435265039
1000.273581,0.218735717,6.393436541
1000.240249,0.197382324,6.414574228
1000.21771,0.155834243,6.497855477
1000.211838,0.275355834,6.573381917
1000.227506,0.361796849,6.705915222
1000.247194,0.286292776,6.610423498
1000.249754,0.366016215,6.538733044
1000.257681,0.263264249,6.667388465
1000.282752,0.171567347,6.703608722
1000.31596,0.247540899,6.743537243
1000.349598,0.292706186,6.707659864
1000.370203,0.304092923,6.61772608
1000.368495,0.280628494,6.492340417
1000.370348,0.145407353,6.655893284
1000.372995,0.258054383,6.493482838
1000.373334,0.256460756,6.637304807
1000.399041,0.232358241,6.737790021
1000.442862,0.186392682,6.811687865
1000.501674,0.303877372,6.879757382
1000.54021,0.372135135,6.613698733
1000.561464,0.391539691,6.715792683
1000.571206,0.353612336,6.500812215
1000.575539,0.315306052,6.66582367
1000.582655,0.208862714,6.526491593
1000.564624,0.259163164,6.420956803
1000.531175,0.263920003,6.378801718
1000.495432,0.237008749,6.399918157
1000.470412,0.190677009,6.483423384
1000.462146,0.306243198,6.559217081
1000.475349,0.389232874,6.692190108
1000.492267,0.310296705,6.597489385
1000.492215,0.387221032,6.526521705
1000.497868,0.28178492,6.655696837
1000.520812,0.187643298,6.692375928
1000.551944,0.261617577,6.732737463
1000.583594,0.304924799,6.697262541
1000.602268,0.314595643,6.607730115
1000.598667,0.289562163,6.482765935
1000.598661,0.152770367,6.646736601
1000.599445,0.264299137,6.484757311
1000.597907,0.26154947,6.629024297
1000.621728,0.236452065,6.730012126
1000.663663,0.189664635,6.804464142
1000.719665,0.123017705,6.86642216
1000.755858,0.221096082,6.608427619
1000.776016,0.265590305,6.716307004
1000.785722,0.249045683,6.50535655
1000.790531,0.228730792,6.673075488
1000.798698,0.137708744,6.535418209
1000.781907,0.200980945,6.430704171
1000.74983,0.216808469,6.388814085
1000.715523,0.199396752,6.409775529
1000.691965,0.161271539,6.492803612
1000.684995,0.28371799,6.567840566
1000.669611,0.241677096,6.410077523
1000.633398,0.179680139,6.366994793
1000.589973,0.272562308,6.338522463
1000.560118,0.182566996,6.503072653
1000.554197,0.102726245,6.568896332
1000.56199,0.189673382,6.633004214
1000.574778,0.244796194,6.616997435
1000.578284,0.265147241,6.543371611
1000.562553,0.249700574,6.4313541
1000.557739,0.300073908,6.650441559
1000.590638,0.327148508,6.794679826
1000.61578,0.38008144,6.571771996
1000.628513,0.337793508,6.678396025
1000.660604,0.276889562,6.758122376
1000.707921,0.198650035,6.824938741
1000.769115,0.288958997,6.889300913
1000.810364,0.320924616,6.630473786
1000.836752,0.324985213,6.748458308
1000.855746,0.262815214,6.557681256
1000.842458,0.165817691,6.437743262
1000.807662,0.224721272,6.347917854
1000.760413,0.237302034,6.318651461
1000.7133,0.217477431,6.350319184
1000.678895,0.177546944,6.44244006
1000.66284,0.298792709,6.525015112
1000.669527,0.386889577,6.663486221
1000.680977,0.312158152,6.573419158
1000.676304,0.392786427,6.50598245
1000.678018,0.290856475,6.638216939
1000.697595,0.199670805,6.677352082
1000.725794,0.276232918,6.719456388
1000.754836,0.321692408,6.685379895
1000.771164,0.333149853,6.596981279
1000.76543,0.309599253,6.472949688
1000.763482,0.174484299,6.637812603
1000.794367,0.22299725,6.787765781
1000.818429,0.294010755,6.568969906
1000.830674,0.266813746,6.678471926
1000.862669,0.218587989,6.760172864
1000.910121,0.151021672,6.828298937
1000.938921,0.248113537,6.575280137
1000.952644,0.292469362,6.687404636
1000.98925,0.304373419,6.796860897
1001.016898,0.248661359,6.598750076
1001.010833,0.156975947,6.472519321
1000.981969,0.220132756,6.377177642
1000.93961,0.236291865,6.34319065
1000.896532,0.21954672,6.370803929
1000.865471,0.18233706,6.459417757
1000.852035,0.30577535,6.538866045
1000.860879,0.395916257,6.67459232
1000.874379,0.32316252,6.582062362
1000.871265,0.405387035,6.512369491
1000.87394,0.305407593,6.64307564
1000.894143,0.215985164,6.680959204
1000.91495,0.125772208,6.64849452
1000.930863,0.197887191,6.631440985
1000.937232,0.232336258,6.556380823
1000.924043,0.228571164,6.442716947
1000.916606,0.11104951,6.615710559
1000.943557,0.174575058,6.771625989
1000.964831,0.257799931,6.557153495
1000.975199,0.241638642,6.669897427
1001.005997,0.202784592,6.753872355
1001.052749,0.143142813,6.823519251
1001.081097,0.246290799,6.571268711
1001.094671,0.296361543,6.683767591
1001.098613,0.283544509,6.476591052
1001.098537,0.267599997,6.647245561
1001.102257,0.179225123,6.512103783
1001.081514,0.244841524,6.408991878
1001.045766,0.262686072,6.368434511
1001.007988,0.24700537,6.390526526
1000.981085,0.210363421,6.4745392
1000.977734,0.163877047,6.619075551
1000.972731,0.152553194,6.456627041
1000.945699,0.116047539,6.408700569
1000.910395,0.230089252,6.374892527
1000.887787,0.157614938,6.534402265
1000.888125,0.09184768,6.595339494
1000.90111,0.190420563,6.654494994
1000.918105,0.254738056,6.633946321
1000.924894,0.282312682,6.556250209
1000.911605,0.272507952,6.440664032
1000.903678,0.149703633,6.612327161
1000.929802,0.208763228,6.767231418
1000.95,0.288094738,6.552158416
1000.959075,0.26856968,6.664639413
1000.988443,0.226848424,6.748623378
1001.033686,0.164805333,6.818493541
1001.093187,0.268800905,6.884496645
1001.133035,0.311784973,6.626754798
1001.158015,0.325803487,6.745390428
1001.175794,0.271618586,6.555032699
1001.16134,0.181574375,6.435318944
1001.125291,0.246362042,6.345085561
1001.076723,0.264177286,6.31538791
1001.028253,0.249098651,6.346596194
1000.992484,0.213557385,6.43821399
1000.981846,0.168565179,6.589039521
1000.970939,0.158692937,6.431679199
1000.939163,0.123909936,6.387873087
1000.899877,0.239536668,6.357301607
1000.873739,0.169193847,6.519901329
1000.871093,0.105458804,6.583442597
1000.881605,0.205836054,6.644519309
1000.896493,0.271862072,6.625579695
1000.901507,0.301039047,6.549214163
1000.886742,0.292721202,6.43471116
1000.877613,0.171917058,6.607394816
1000.902793,0.232701271,6.762850526
1000.954425,0.263260822,6.862213279
1000.990421,0.300869754,6.608528585
1001.009365,0.257569645,6.700936683
1001.045893,0.194508681,6.777865176
1001.098109,0.297909313,6.849573566
1001.131744,0.339917246,6.596614628
1001.151605,0.353896101,6.719211475
1001.164939,0.29909426,6.532223223
1001.146701,0.208562591,6.415353227
1001.111301,0.09377154,6.367425931
1001.068254,0.142388038,6.339221055
1001.025416,0.152935158,6.370615668
1000.995128,0.138639771,6.4615309
1000.989626,0.111194052,6.611088595
1001.013354,0.248024674,6.741189486
1001.040124,0.212916559,6.642999163
1001.049009,0.326394487,6.566779641
1001.062549,0.252389859,6.691169113
1001.092353,0.183992236,6.722800445
1001.1215,0.110718899,6.684364002
1001.144451,0.196795153,6.661289755
1001.156637,0.242347519,6.580763376
1001.148142,0.247372111,6.462237553
1001.144417,0.137445103,6.631154087
1001.174135,0.207208167,6.78297449
1001.197293,0.294663109,6.564892872
1001.208741,0.282484057,6.674741096
1001.23996,0.246816757,6.756331172
1001.286581,0.189777237,6.824055879
1001.314343,0.110795487,6.571843449
1001.327895,0.193282058,6.688797092
1001.33261,0.207126661,6.484434671
1001.333567,0.214446255,6.656588158
1001.338668,0.145118014,6.522139993
1001.319255,0.226716179,6.418520602
1001.284715,0.25822585,6.377100842
1001.247994,0.25432251,6.398082165
1001.22199,0.227929088,6.480803985
1001.219392,0.190461173,6.623907924
1001.215018,0.185984369,6.459774674
1001.188472,0.155700239,6.410163466
1001.153258,0.274924405,6.374243981
1001.130201,0.207878672,6.532629498
1001.129823,0.146614646,6.592560215
1001.134148,0.080406513,6.577627166
1001.136759,0.173224002,6.573743532
1001.132267,0.225179461,6.509087445
1001.110146,0.236191937,6.40364827
1001.09534,0.132502125,6.583494433
1001.116104,0.207868276,6.743970235
1001.164228,0.250737013,6.847081696
1001.197379,0.297973769,6.596081888
1001.213969,0.263565235,6.690557495
1001.248513,0.208023479,6.768979335
1001.29895,0.134178421,6.843672243
1001.332076,0.211293303,6.597170808
1001.352527,0.255638103,6.723953414
1001.367146,0.225643171,6.539565495
1001.350601,0.156020819,6.424087217
1001.317088,0.05886857,6.376672383
1001.275921,0.122269186,6.347912015
1001.234808,0.145303757,6.378392667
1001.206028,0.141589769,6.468164581
1001.20178,0.123149247,6.616441858
1001.196471,0.134087411,6.456034587
1001.169445,0.116659843,6.409129514
1001.1342,0.24670881,6.374833063
1001.111574,0.18849203,6.534139132
1001.111806,0.134304295,6.594459954
1001.116795,0.073721191,6.579573396
1001.119987,0.171222756,6.575381377
1001.115972,0.226816056,6.510318039
1001.094191,0.240626637,6.404454665
1001.079587,0.139141921,6.583934649
1001.100366,0.216324457,6.743903885
1001.148308,0.260551614,6.846620367
1001.213535,0.27313363,6.911409275
1001.257328,0.278854216,6.637202791
1001.281222,0.22153726,6.724021191
1001.322535,0.146547107,6.805925588
1001.34791,0.222899753,6.565393348
1001.361575,0.266978967,6.697306956
1001.370485,0.237001881,6.517334956
1001.349067,0.167722945,6.405639899
1001.311421,0.071204142,6.361446471
1001.26666,0.135266243,6.335224924
1001.222495,0.15919583,6.367839129
1001.191162,0.156592815,6.459366235
1001.184824,0.139462821,6.609039477
1001.177878,0.151462499,6.449627669
1001.1496,0.135305606,6.403435052
1001.113214,0.266441796,6.369507796
1001.089361,0.209883456,6.529555122
1001.088468,0.157234233,6.590533343
1001.092448,0.098076153,6.576216154
1001.094765,0.196806706,6.572226675
1001.089944,0.253540225,6.507339408
1001.067438,0.268400777,6.401616039
1001.05221,0.168577229,6.58136338
1001.068584,0.067055057,6.705792423
1001.110041,0.141107494,6.82055424
1001.171067,0.179036452,6.894325281
1001.212313,0.205516962,6.626641897
1001.234987,0.166467123,6.718185377
1001.275998,0.106857185,6.803349802
1001.301601,0.19543458,6.56476825
1001.315998,0.250451729,6.69780087
1001.325729,0.228855229,6.518445729
1001.305233,0.166503465,6.406977407
1001.268513,0.07566694,6.362748578
1001.224684,0.1444592,6.336068295
1001.181292,0.172198201,6.36817289
1001.15053,0.172619571,6.459199159
1001.144528,0.157846101,6.608427871
1001.137626,0.171162637,6.448638092
1001.109121,0.15594883,6.402219781
1001.100497,0.127335321,6.642476268
1001.129308,0.107372614,6.762121685
1001.173274,0.083540373,6.787919793
1001.215306,0.046926218,6.743108313
1001.24971,0.163413751,6.712655402
1001.271837,0.233808027,6.625007766
1001.271845,0.259079496,6.499798305
1001.27533,0.167179112,6.662958605
1001.307138,0.07158484,6.773316719
1001.328993,0.198162523,6.561558259
1001.340231,0.220354677,6.67569886
1001.371941,0.213485173,6.759813399
1001.419438,0.180576171,6.828785931
1001.448237,0.120221677,6.576941896
1001.462744,0.219924103,6.692747736
1001.46816,0.246598618,6.487125021
1001.469529,0.266339718,6.657756744
1001.474747,0.2059332,6.52202077
1001.459133,0.116115553,6.457487444
1001.432465,0.18509838,6.41363642
1001.403024,0.212688437,6.431401871
1001.38358,0.212816559,6.510440251
1001.386747,0.197748931,6.649619104
1001.387293,0.210393284,6.481305346
1001.364817,0.194719756,6.427700853
1001.360751,0.166157268,6.662133537
1001.392945,0.146204531,6.777028924
1001.439356,0.12237611,6.798954261
1001.483096,0.085779903,6.750983815
1001.518634,0.202235506,6.717639403
1001.54138,0.272640914,6.62763085
1001.541613,0.297962743,6.500488092
1001.545034,0.206922164,6.66224368
1001.544608,0.172490679,6.459102604
1001.538656,0.230722014,6.610173191
1001.559261,0.256729027,6.714981101
1001.598651,0.25277267,6.791121861
1001.6524,0.222053153,6.853288479
1001.686145,0.162488168,6.595657087
1001.704656,0.263505342,6.706265516
1001.713033,0.290274629,6.496305227
1001.684244,0.26489493,6.348456907
1001.663527,0.25965421,6.576158312
1001.658623,0.169555646,6.500398208
1001.640558,0.237938669,6.446887377
1001.61783,0.264627147,6.456647723
1001.603488,0.263650683,6.529094084
1001.610378,0.247351286,6.662890208
1001.613427,0.258070183,6.490192066
1001.592433,0.24056804,6.433138082
1001.551559,0.211300852,6.297380549
1001.514357,0.176700277,6.470748703
1001.502605,0.142357608,6.542073672
1001.497639,0.098402636,6.535801664
1001.49237,0.210167076,6.537409293
1001.480958,0.277592418,6.476848273
1001.452609,0.301205695,6.374515315
1001.432138,0.209587792,6.557226107
1001.443721,0.114845028,6.684020689
1001.480649,0.194713469,6.799928065
1001.504835,0.271249049,6.558390561
1001.514052,0.263419997,6.660241843
1001.542451,0.23034639,6.744194755
1001.587646,0.175569207,6.823022202
1001.617089,0.083699469,6.58977588
1001.635931,0.172869621,6.72237599
1001.650016,0.17892723,6.541797393
1001.633542,0.139948913,6.428539334
1001.600447,0.068967375,6.382169804
1001.559637,0.154342541,6.352383953
1001.518681,0.196302295,6.381432688
1001.489823,0.209041488,6.469482963
1001.485253,0.20506364,6.615817864
1001.487272,0.060232159,6.531097966
1001.474883,0.082467966,6.474750815
1001.452215,0.245352671,6.430112021
1001.440021,0.216096811,6.581040299
1001.448949,0.185527416,6.633494962
1001.461055,0.144154733,6.611376188
1001.463017,0.085516318,6.535378658
1001.451599,0.180148997,6.480080471
1001.424197,0.226724445,6.381223425
1001.405328,0.155257346,6.566241847
1001.418972,0.077463429,6.694233451
1001.458191,0.171536302,6.810219856
1001.484682,0.259139299,6.568131194
1001.496215,0.261367212,6.669183645
1001.526841,0.236656193,6.752077836
1001.57412,0.188799827,6.829689949
1001.605359,0.101797867,6.595203211
1001.625914,0.195813758,6.72622202
1001.641311,0.204983063,6.544248399
1001.625888,0.168482799,6.429735962
1001.593582,0.099440373,6.382263994
1001.553375,0.186390927,6.351211472
1001.51272,0.229524302,6.379198524
1001.483867,0.243097258,6.466389965
1001.479005,0.239666655,6.612067075
1001.480234,0.094421875,6.527226397
1001.46701,0.116321739,6.470565933
1001.443426,0.27891854,6.425450376
1001.430421,0.249205963,6.575991944
1001.438503,0.2178969,6.628081342
1001.449701,0.175581264,6.605664674
1001.450683,0.115867863,6.529468233
1001.43817,0.209587157,6.473861864
1001.40957,0.255151996,6.374838069
1001.389428,0.182804602,6.559876275
1001.401717,0.104125238,6.688012578
1001.439494,0.197458025,6.803989081
1001.496919,0.251353893,6.87838862
1001.534587,0.289033569,6.610844835
1001.553552,0.261445745,6.702567517
1001.590782,0.211542674,6.787801328
1001.613478,0.123020511,6.559902327
1001.626523,0.216184785,6.696314832
1001.635547,0.224803642,6.519020667
1001.61464,0.188192827,6.408542758
1001.577644,0.119427302,6.364527787
1001.538261,0.030095403,6.385968236
1001.504221,0.104910019,6.414172205
1001.481999,0.145236499,6.500420543
1001.483621,0.16444334,6.644323139
1001.491327,0.038225194,6.557205815
1001.484048,0.075937442,6.497734628
1001.465788,0.251637103,6.449476302
1001.457318,0.233557518,6.59743628
1001.469366,0.211979368,6.64705007
1001.484021,0.1778032,6.622294461
1001.48801,0.124896013,6.543912351
1001.478096,0.224249222,6.485960755
1001.451685,0.274519397,6.384816826
1001.433393,0.206903809,6.568129718
1001.447284,0.132177714,6.694639964
1001.483464,0.047074692,6.782596019
1001.50521,0.164849443,6.54960706
1001.513638,0.193535732,6.657397612
1001.542349,0.191135897,6.745086509
1001.588551,0.162090251,6.826014932
1001.619284,0.089956527,6.593795355
1001.639655,0.197476567,6.725633672
1001.654993,0.217039122,6.544104012
1001.639566,0.189346848,6.429716047
1001.60726,0.127807157,6.382147507
1001.571816,0.044288123,6.400407469
1001.541107,0.123845277,6.425469719
1001.521509,0.167918739,6.508992305
1001.52509,0.190047325,6.650572039
1001.533929,0.065343485,6.561862369
1001.52745,0.104283452,6.50077517
1001.500112,0.121401823,6.359718511
1001.475259,0.127116134,6.527033669
1001.474552,0.125724658,6.59193887
1001.479292,0.108613733,6.579242079
1001.475578,0.070088576,6.510360344
1001.459631,0.181764251,6.459661089
1001.428473,0.242330076,6.364206364
1001.40643,0.183479822,6.552038895
1001.417306,0.116071614,6.68211615
1001.451028,0.03709029,6.772909332
1001.503196,0.128075167,6.858367811
1001.537573,0.196051323,6.598793793
1001.554665,0.195024651,6.696265344
1001.591024,0.167510293,6.785462675
1001.613533,0.096855304,6.560246063
1001.626777,0.206046098,6.697713372
1001.636162,0.227162631,6.520971901
1001.615685,0.201119021,6.410634512
1001.579118,0.141324275,6.36647352
1001.540112,0.059649156,6.387572486
1001.506306,0.140862543,6.414751131
1001.484107,0.186699393,6.49999201
1001.485545,0.21070145,6.642915887
1001.492911,0.087796502,6.555282275
1001.485134,0.128282379,6.494802019
1001.456516,0.146798831,6.354351979
1001.430421,0.15441465,6.522256933
1001.428548,0.154732918,6.587686838
1001.432216,0.139161339,6.575447011
1001.427539,0.102020841,6.506953487
1001.410734,0.214883201,6.456255761
1001.41017,0.193083,6.667734146
1001.414341,0.231073276,6.497523008
1001.414803,0.161477614,6.635623548
1001.439751,0.080990834,6.733186125
1001.484514,0.170974318,6.824045584
1001.512556,0.237496691,6.568951357
1001.524342,0.236234519,6.6702389
1001.556216,0.208633816,6.762607035
1001.57481,0.137152627,6.540075355
1001.584829,0.246564941,6.679446154
1001.591267,0.267055594,6.504395403
1001.568183,0.240473581,6.395518925
1001.529276,0.180189527,6.352634931
1001.48813,0.098044962,6.374869254
1001.452423,0.178895545,6.402746112
1001.428365,0.224337336,6.488655616
1001.427942,0.247905633,6.632243686
1001.4332,0.123815186,6.545631335
1001.423491,0.163351429,6.485824112
1001.421427,0.023633254,6.622428288
1001.447002,0.066202824,6.750235076
1001.489057,0.09394995,6.780805334
1001.529909,0.099749554,6.738397986
1001.556564,0.079129224,6.643915566
1001.565995,0.204879421,6.570703778
1001.555881,0.276264979,6.456010393
1001.551209,0.226632508,6.627694122
1001.576353,0.166285546,6.744014287
1001.589421,0.136750849,6.508136498
1001.590846,0.21348849,6.63394076
1001.614792,0.252450396,6.726267005
1001.655953,0.258092299,6.800881922
1001.67939,0.226218045,6.552879965
1001.690059,0.170809481,6.681947608
1001.695633,0.065510754,6.501296796
1001.66823,0.113772928,6.362289733
1001.618062,0.111821502,6.282684644
1001.557575,0.073351439,6.263494316
1001.499334,0.010515053,6.304827991
1001.450028,0.108168108,6.347801049
1001.415281,0.168471665,6.445749988
1001.406543,0.205209271,6.598851432
1001.405669,0.092624481,6.519752814
1001.391192,0.142032333,6.465588745
1001.385233,0.011539003,6.607113954
1001.407816,0.061997585,6.73844218
1001.447491,0.096551571,6.771776989
1001.486466,0.108220503,6.73151953
1001.511659,0.092655684,6.638688139
1001.514041,0.047605092,6.511336392
1001.493212,0.149741503,6.412595284
1001.480832,0.127197046,6.596743075
1001.500635,0.089934185,6.722511264
1001.542458,0.035946668,6.808692336
1001.569265,0.177672655,6.571950201
1001.581991,0.228160138,6.676139427
1001.614248,0.243829053,6.760239611
1001.630542,0.219796434,6.519811819
1001.635657,0.17198283,6.654885334
1001.636724,0.07234185,6.479061599
1001.605756,0.125489333,6.343608191
1001.552696,0.127661669,6.266827092
1001.489827,0.09263864,6.249888757
1001.429572,0.032650055,6.293033852
1001.378605,0.132728485,6.337149481
1001.342315,0.194977779,6.43604012
1001.332072,0.233243256,6.589951367
1001.329466,0.121110256,6.511930885
1001.313437,0.170933711,6.458426424
1001.306269,0.040597709,6.60048048
1001.327691,0.091195054,6.732027795
1001.366278,0.125517331,6.765485341
1001.404192,0.136674959,6.72532195
1001.428324,0.120400446,6.632605291
1001.429628,0.074513908,6.505423083
1001.407667,0.175939634,6.406687155
1001.394105,0.152752264,6.590983839
1001.412667,0.114797187,6.716995744
1001.453202,0.060124504,6.803516657
1001.476701,0.018292746,6.549785014
1001.485462,0.097944791,6.663519159
1001.515369,0.138263237,6.754694081
1001.530583,0.1349231,6.519438572
1001.535353,0.104780907,6.658216792
1001.5368,0.019987356,6.484989414
1001.506559,0.085620819,6.351026011
1001.454458,0.09843442,6.275139096
1001.392702,0.072534871,6.258639651
1001.333664,0.020427659,6.301869867
1001.283834,0.127092566,6.345596941
1001.248681,0.19511539,6.443928665
1001.239585,0.238503674,6.597130597
1001.238394,0.13082512,6.518332437
1001.223592,0.184336209,6.463805234
1001.217278,0.057796449,6.605393296
1001.239454,0.111554564,6.736170778
1001.278609,0.148593066,6.768967592
1001.316958,0.162091236,6.728229717
1001.341434,0.147836043,6.63500527
1001.343029,0.103690408,6.507365852
1001.321309,0.206564669,6.407926185
1001.307937,0.18538539,6.591774758
1001.326694,0.149138548,6.71732019
1001.367433,0.095904485,6.803361146
1001.391086,0.054490594,6.549070104
1001.400025,0.135251166,6.662095368
1001.430072,0.176457533,6.752600977
1001.445286,0.173026871,6.516742912
1001.450118,0.143510746,6.654961328
1001.451448,0.058378191,6.481305828
1001.421057,0.123703894,6.346737619
1001.368707,0.13615284,6.270373292
1001.306596,0.109828442,6.253517077
1001.247091,0.057234388,6.296508275
1001.202541,-0.010506079,6.398895498
1001.178632,0.087896903,6.493240127
1001.179768,0.156354998,6.642109047
1001.187505,0.068634238,6.559219845
1001.180753,0.138658752,6.500356959
1001.181812,0.025505679,6.63768911
1001.21045,0.090279588,6.76423764
1001.255248,0.136028512,6.793045713
1001.298449,0.156353991,6.74864016
1001.32703,0.14740095,6.652117791
1001.332039,0.10733522,6.521574108
1001.313078,0.213502369,6.41941661
1001.301876,0.194893601,6.600976097
1001.322266,0.160568699,6.724607774
1001.36417,0.108772186,6.809087054
1001.388636,0.068342979,6.553546339
1001.397981,0.149990326,6.665374627
1001.428109,0.191890769,6.754971903
1001.443249,0.188943048,6.518456594
1001.447711,0.159999725,6.656221334
1001.44867,0.075355368,6.482285974
1001.417766,0.141096697,6.347333569
1001.364824,0.154058386,6.270721965
1001.302099,0.128374012,6.253707742
1001.242003,0.076568816,6.296584808
1001.196929,0.00978013,6.398858716
1001.172415,0.10899282,6.49290169
1001.173025,0.178446521,6.641451776
1001.180594,0.09178393,6.558244259
1001.17359,0.162688869,6.498880071
1001.174134,0.051003642,6.63626579
1001.193508,-0.046859828,6.680000569
1001.222648,0.024287046,6.728127832
1001.253776,0.066590394,6.699056849
1001.273148,0.076608796,6.614637256
1001.27123,0.052878162,6.493582014
1001.247133,0.173021143,6.398534576
1001.232182,0.167128029,6.585727053
1001.249946,0.143663108,6.713596926
1001.290093,0.101109479,6.801204519
1001.34594,0.039557546,6.864662218
1001.382371,0.158646483,6.608490041
1001.402184,0.203977668,6.707422067
1001.441484,0.215223855,6.796434895
1001.466757,0.173383386,6.570188328
1001.451924,0.089497716,6.41015488
1001.440312,0.207945435,6.600418572
1001.435941,0.224644762,6.479341757
1001.413285,0.200443485,6.425014176
1001.386096,0.148480322,6.436659601
1001.367897,0.080368397,6.512868615
1001.365311,0.177590185,6.584914453
1001.353323,0.116404399,6.424095844
1001.319779,0.037213535,6.378998945
1001.278871,0.115712011,6.351062911
1001.251682,0.011242591,6.514444687
1001.256957,0.084203277,6.662063333
1001.282378,0.137320287,6.708252637
1001.309489,0.164219951,6.678187042
1001.324693,0.161092376,6.593502608
1001.318566,0.126161415,6.472742648
1001.290272,0.23696645,6.378196351
1001.271199,0.223234466,6.56624913
1001.284944,0.19312175,6.695214599
1001.321211,0.144965384,6.784086962
1001.373343,0.078732833,6.848923806
1001.406289,0.193851606,6.593934923
1001.4227,0.2360312,6.694131203
1001.458768,0.244737306,6.78443996
1001.48112,0.200792727,6.559497906
1001.463593,0.115332449,6.400744585
1001.452154,0.051546232,6.621904145
1001.451824,0.098445868,6.503171739
1001.433563,0.099752634,6.449796148
1001.41091,0.069374269,6.461369442
1001.39724,0.019576242,6.536758691
1001.3989,0.132075832,6.607284193
1001.391178,0.083785566,6.444674323
1001.361705,0.015666296,6.397546181
1001.324417,0.103347795,6.367310137
1001.300211,0.00723216,6.528952747
1001.308112,0.08713246,6.674580227
1001.335726,0.146100306,6.718952364
1001.364666,0.177938494,6.687233419
1001.381395,0.178982028,6.601046811
1001.376541,0.147573483,6.478922411
1001.349293,0.261300614,6.382851262
1001.331055,0.250802119,6.56971372
1001.345494,0.223417182,6.697550182
1001.382334,0.177549587,6.785354661
1001.402394,0.140522781,6.532291063
1001.406799,0.043351781,6.637330414
1001.432584,0.119244252,6.735764458
1001.444933,0.143310682,6.505546251
1001.447881,0.138797464,6.647608535
1001.447997,0.073049734,6.476654665
1001.419585,-0.026496104,6.373079904
1001.372927,0.03086586,6.298345024
1001.316665,0.042337694,6.281446699
1001.262871,0.021593003,6.323228607
1001.223693,-0.019252558,6.423616022
1001.204583,0.101558761,6.514494372
1001.209781,0.189006904,6.659767339
1001.220905,0.115873821,6.574040762
1001.216861,0.19801386,6.511478092
1001.219972,0.095900031,6.646233399
1001.241419,0.005398937,6.687389233
1001.272009,0.082624735,6.732495685
1001.303994,0.129414171,6.70072243
1001.323676,0.142657626,6.613973203
1001.321578,0.121173412,6.490988498
1001.291827,0.065294654,6.347751649
1001.267674,0.089378261,6.547275605
1001.278384,0.091139381,6.684566939
1001.313086,0.069813181,6.779351443
1001.332194,0.053336805,6.531361319
1001.337456,0.157024414,6.647963874
1001.364344,0.217468193,6.740948083
1001.376841,0.228380923,6.506848154
1001.379078,0.212938502,6.646243336
1001.378107,0.13799722,6.473566367
1001.348309,0.030886372,6.368971076
1001.300019,0.081911632,6.293513087
1001.242037,0.088281233,6.276300661
1001.186541,0.063517251,6.318039916
1001.145761,0.019601676,6.418542201
1001.125028,0.137862478,6.509456377
1001.128761,0.223500304,6.654810197
1001.138868,0.149093026,6.56919298
1001.133813,0.230170156,6.506574166
1001.135745,0.127902313,6.641813393
1001.156068,0.037402285,6.683477058
1001.18565,0.11465821,6.728779854
1001.216668,0.161586313,6.697241955
1001.235459,0.17504819,6.610737306
1001.232566,0.153835152,6.48798479
1001.202131,0.098255333,6.344953048
1001.177402,0.123328796,6.544548471
1001.187644,0.125969507,6.681840741
1001.22198,0.10540835,6.776562082
1001.273302,0.062384122,6.845356557
1001.305014,0.01193684,6.584391888
1001.320918,0.100829653,6.69321126
1001.358041,0.148801635,6.789118158
1001.382334,0.13618544,6.567642142
1001.36734,0.076990481,6.410789376
1001.358855,0.036798782,6.632455294
1001.361355,0.10180971,6.512935314
1001.345697,0.118223891,6.458379339
1001.325323,0.100440765,6.468554467
1001.31354,0.061142945,6.542457507
1001.316732,0.182349525,6.610724125
1001.309789,0.139849223,6.446693301
1001.280618,0.076607068,6.398370393
1001.243326,0.168329936,6.366373515
1001.219021,0.075785439,6.526816196
1001.217911,-0.006033348,6.589157543
1001.229905,0.07919191,6.651285905
1001.246511,0.133066988,6.633527539
1001.253463,0.1525483,6.558323266
1001.240817,0.13652933,6.444858832
1001.233869,0.006500495,6.617608383
1001.229464,0.125491658,6.463768947
1001.224214,0.12802908,6.614155984
1001.245455,0.107746784,6.719948521
1001.285694,0.065291889,6.798116793
1001.308084,0.015541462,6.54509576
1001.31599,0.105399657,6.660419482
1001.346267,0.154445815,6.761857856
1001.364822,0.14290616,6.545097708
1001.344953,0.08490407,6.392262071
1001.332188,0.04611757,6.617322872
1001.331126,0.11233953,6.50047464
1001.312437,0.130073844,6.448175576
1001.289515,0.113725953,6.460229925
1001.275629,0.075982432,6.535661126
1001.276949,0.198552214,6.604982179
1001.268702,0.157434308,6.441797335
1001.238579,0.095729759,6.394055868
1001.200419,0.188757607,6.362297982
1001.175128,0.098053058,6.523386181
1001.173111,0.017910982,6.586300088
1001.184319,0.104572425,6.648618888
1001.200174,0.159764977,6.631041085
1001.206437,0.18045192,6.555994009
1001.193179,0.165530137,6.442654184
1001.185708,0.037213636,6.615673306
1001.180877,0.156934547,6.461570755
1001.175264,0.160858693,6.611841601
1001.196219,0.141766643,6.71745598
1001.236239,0.100315006,6.795395291
1001.258388,0.050646621,6.542076943
1001.266147,0.141307998,6.656898465
1001.296269,0.190978039,6.757849242
1001.31453,0.179153846,6.540686818
1001.294335,0.120833529,6.387526433
1001.281345,0.082412694,6.612213745
1001.279883,0.148189035,6.4949247
1001.260696,0.16543266,6.442300525
1001.237165,0.148544012,6.454143548
1001.222545,0.110206963,6.529478352
1001.229821,0.061631682,6.666700656
1001.234075,0.049943011,6.498330668
1001.215161,0.012476138,6.445336402
1001.187096,0.12554924,6.408131988
1001.170988,0.051125814,6.563895863
1001.177115,-0.015937873,6.621704958
1001.195385,0.081453311,6.679123588
1001.217327,0.145137223,6.657045164
1001.22876,0.172496243,6.577944842
1001.219832,0.16278109,6.461020204
1001.215947,0.03858141,6.630944626
1001.213986,0.161549017,6.473962812
1001.21059,0.168026682,6.621819245
1001.233196,0.150890757,6.725429897
1001.27438,0.110955172,6.801740192
1001.297355,0.062411251,6.547123838
1001.305502,0.154060234,6.660708277
1001.33569,0.204559855,6.760710081
1001.353892,0.193404535,6.542846997
1001.33347,0.135754573,6.38918421
1001.287797,0.043921235,6.300090407
1001.226449,0.108265975,6.23631503
1001.157603,0.126393532,6.228586283
1001.093021,0.112051322,6.278002693
1001.044592,0.077421647,6.384692553
1001.024148,0.033332388,6.547989154
1001.005819,0.026184888,6.401148551
1000.968603,-0.006419332,6.365926113
1000.925583,0.111302593,6.343236188
1000.897107,0.041959248,6.511453665
1000.893183,-0.020340927,6.579595286
1000.903371,0.081364643,6.645274041
1000.918793,0.14901986,6.630021839
1000.925023,0.180001566,6.556539207
1000.911999,0.173561612,6.444214724
1000.904951,0.052970321,6.618052936
1000.932518,0.113936922,6.775292847
1000.954678,0.1962017,6.562096999
1000.966151,0.1783102,6.675677823
1000.998208,0.138075885,6.760311954
1001.046339,0.077310376,6.830454367
1001.076219,0.180568577,6.57915197
1001.091492,0.229685221,6.69234264
1001.097251,0.217085323,6.485580667
1001.099069,0.20020321,6.656573649
1001.104724,0.111977595,6.521476171
1001.089715,-0.001778541,6.458014859
1001.064177,0.047113863,6.417549863
1001.036494,0.057160538,6.438508274
1001.019361,0.041737257,6.520567655
1001.025319,0.012653585,6.66264422
1001.029096,0.016711892,6.497586621
1001.010281,-0.007328345,6.44685235
1000.982658,0.11701002,6.410726501
1000.967193,0.052428383,6.567374335
1000.974095,-0.006594145,6.625595528
1000.993151,0.097505086,6.682730285
1001.015804,0.166595887,6.660222133
1001.027851,0.198290965,6.58062772
1001.019431,0.192036402,6.463203012
1001.015972,0.071272539,6.632834475
1001.014316,0.19639295,6.474996074
1001.011076,0.205234207,6.622261316
1001.033722,0.189975117,6.725355465
1001.074847,0.151532812,6.801231605
1001.097678,0.10349177,6.546238756
1001.105448,0.012627267,6.660318532
1001.136188,0.094442735,6.766063989
1001.155926,0.108941998,6.552015077
1001.137677,0.072865188,6.400716175
1001.126734,0.054056155,6.626208952
1001.127453,0.135483047,6.50858949
1001.110357,0.166073092,6.455266092
1001.088797,0.16065201,6.466147537
1001.076021,0.132259189,6.540326872
1001.085017,0.092400357,6.676239162
1001.090891,0.087229422,6.506285592
1001.073471,0.055665756,6.451701317
1001.046523,0.173606731,6.412463434
1001.031005,0.104297334,6.567188127
1001.037471,0.041415075,6.624065773
1001.048054,-0.025891135,6.606530628
1001.056514,0.065870373,6.601322402
1001.057608,0.117210678,6.535444202
1001.040823,0.127933779,6.428826958
1001.031063,0.0224646,6.607076362
1001.024742,0.160005964,6.455522999
1001.018102,0.180172774,6.607713823
1001.038347,0.174585442,6.71448932
1001.077839,0.144368461,6.793058665
1001.099543,0.102603986,6.539956828
1001.106688,0.017706485,6.65537368
1001.137113,0.104553588,6.761774572
1001.156595,0.122547116,6.548116276
1001.138191,0.089334833,6.39701501
1001.094954,0.017949415,6.309279414
1001.040019,-0.080002148,6.284932064
1000.981911,-0.016546437,6.276314622
1000.927675,0.006875329,6.323471758
1000.888933,0.003652538,6.427033863
1000.877336,-0.014361048,6.586712665
1000.866862,-0.001096977,6.435941226
1000.836485,-0.01679013,6.396881576
1000.799459,0.114906409,6.36991117
1000.776345,0.057170563,6.534322056
1000.777051,0.003939495,6.59881851
1000.783296,-0.055362577,6.587276832
1000.788463,0.04323835,6.586682
1000.787088,0.100163943,6.524428172
1000.768459,0.115427077,6.420678876
1000.757336,0.013622832,6.601220512
1000.781891,0.090483082,6.762981475
1000.801759,0.185284644,6.553036644
1000.811411,0.178480426,6.669161316
1000.841997,0.147490418,6.755701447
1000.888898,0.094470314,6.827287418
1000.917647,0.019971918,6.578037016
1000.932785,0.105141694,6.697831513
1000.939596,0.122289387,6.495539487
1000.94303,0.13120223,6.669304666
1000.950878,0.064160355,6.535856098
1000.938321,-0.03158379,6.473152034
1000.915208,0.032380328,6.432275247
1000.889879,0.055325858,6.452440409
1000.874996,0.051025787,6.533424961
1000.883092,0.031621232,6.67420949
1000.888909,0.043095849,6.507557993
1000.872001,0.025679688,6.455184611
1000.845903,0.15548352,6.417006817
1000.831424,0.096452734,6.57252066
1000.839041,0.041998559,6.629711847
1000.850805,-0.018423757,6.612170191
1000.86039,0.079065746,6.606425271
1000.862488,0.135026557,6.539943583
1000.846581,0.149461253,6.432714588
1000.83759,0.0475467,6.61052916
1000.863833,0.124256367,6.769801692
1000.884984,0.218324222,6.557650037
1000.895635,0.211505878,6.672009505
1000.92699,0.180483598,6.757025514
1000.974469,0.127399586,6.82728701
1001.003544,0.05216996,6.576886096
1001.018962,0.13732869,6.695518546
1001.025785,0.153768633,6.492267081
1001.029224,0.162619589,6.665160479
1001.036794,0.094795617,6.531067843
1001.023828,-0.001724653,6.467866429
1001.000253,0.061582055,6.426417795
1000.974303,0.083840231,6.446163162
1000.958634,0.078816447,6.526876363
1000.965768,0.058648364,6.667537696
1000.970406,0.068939737,6.5008918
1000.952132,0.050387675,6.448698012
1000.924693,0.179265955,6.410572133
1000.909082,0.119163822,6.566062603
1000.915604,0.063528567,6.623204401
1000.926276,0.001858984,6.60563162
1000.934702,0.098307749,6.599800799
1000.935604,0.15316638,6.533294717
1000.918453,0.166483263,6.426122665
1000.908188,0.063464396,6.604084671
1000.929092,-0.040762422,6.727050089
1000.942612,0.080972627,6.527446223
1000.947796,0.097586384,6.651417902
1000.975325,0.086411695,6.743750815
1001.020202,0.050145581,6.8195409
1001.047669,-0.010806499,6.57328018
1001.062011,0.086417799,6.694795266
1001.06832,0.113122769,6.49363127
1001.071429,0.130735541,6.668000234
1001.07905,0.070451295,6.534909692
1001.066316,-0.019533264,6.472338114
1001.043001,0.049275081,6.431085143
1001.017385,0.076379073,6.450824479
1001.002123,0.075681058,6.53135696
1001.009746,0.059430383,6.67167672
1001.014984,0.072974621,6.504484561
1000.997392,0.057456855,6.451631824
1000.97048,0.188855198,6.412698501
1000.955074,0.131530631,6.567859789
1000.961693,0.078357493,6.624722159
1000.972396,0.018876016,6.606899395
1000.980832,0.117171822,6.600591432
1000.981676,0.173685495,6.533665681
1000.964436,0.188481856,6.426111068
1000.954073,0.087418258,6.603868669
1000.974928,-0.015102873,6.726566892
1000.988386,0.107424069,6.526341196
1000.993525,0.125385329,6.649828286
1001.021015,0.115351703,6.74166351
1001.065854,0.0800301,6.816949566
1001.093183,0.019171803,6.570193851
1001.107462,0.117130536,6.691044742
1001.11353,0.143724487,6.489319703
1001.083969,0.118207604,6.348062603
1001.063744,0.1105093,6.581404836
1001.060352,0.020361052,6.50976852
1001.044688,0.088711553,6.460734826
1001.025192,0.115037205,6.474017232
1001.014734,0.11332427,6.549231461
1001.026024,0.095887503,6.685216275
1001.03391,0.107711468,6.514518401
1001.018113,0.090487095,6.45892757
1000.992466,0.220373484,6.417610875
1000.978071,0.161411854,6.570746951
1000.985359,0.106500508,6.625905629
1000.99642,0.045235427,6.606688413
1001.004889,0.141988157,6.599159841
1001.005515,0.196928875,6.531280357
1000.987833,0.210171346,6.423024193
1000.976854,0.10762668,6.600318222
1000.996921,0.003721639,6.722764294
1001.00946,0.125070784,6.522287735
1001.013516,0.1419647,6.645711623
1001.039818,0.130992546,6.737643156
1001.083398,0.094887935,6.813158814
1001.109522,0.033410699,6.566738809
1001.122461,0.130889685,6.687809477
1001.127293,0.157164072,6.486394878
1001.096526,0.131519326,6.345506032
1001.04285,0.067110817,6.266282853
1000.979105,-0.024342576,6.249013652
1000.913383,0.044823942,6.245414592
1000.852539,0.073641129,6.296715013
1000.808061,0.075585869,6.403650215
1000.791492,0.06258468,6.566010225
1000.776719,0.078977971,6.417100873
1000.742592,0.066623791,6.379489874
1000.729898,0.040004766,6.627104369
1000.755963,0.022411708,6.752923519
1000.798311,0.001184061,6.78383588
1000.839677,-0.032707923,6.743192877
1000.874298,0.086138476,6.71657212
1000.897384,0.158957559,6.631969387
1000.89896,0.186629824,6.509104195
1000.904471,0.096312136,6.673814836
1000.906715,0.064144838,6.473278416
1000.903961,0.122708568,6.626885751
1000.92823,0.14907601,6.733651811
1000.971639,0.145442112,6.811256517
1000.996982,0.123912346,6.556527636
1001.007406,0.057757292,6.670106223
1001.040593,0.160203092,6.773396826
1001.062218,0.189316848,6.556940136
1001.045405,0.165437942,6.403349404
1001.003273,0.101960414,6.31343154
1000.949018,0.010791605,6.287190762
1000.891115,0.079872638,6.275890747
1000.836569,0.108214352,6.32078394
1000.797083,0.10938687,6.422428471
1000.78437,0.095390184,6.580465424
1000.772437,0.11025608,6.428056936
1000.740296,0.096342208,6.387703566
1000.729181,0.068327283,6.632945679
1000.756447,0.049167535,6.756721528
1000.799648,0.026266062,6.785911047
1000.841553,-0.009350882,6.743852856
1000.876386,0.107996357,6.716011564
1000.899429,0.179283871,6.630450173
1000.900739,0.205440411,6.506873633
1000.905806,0.113633222,6.671095856
1000.907432,0.080106699,6.470288354
1000.903901,0.137488194,6.623646359
1000.927251,0.162772464,6.730343895
1000.969634,0.158185064,6.808036446
1000.993953,0.135889223,6.553526626
1001.003238,0.069105632,6.667425274
1001.002649,0.153372495,6.453368405
1000.995362,0.204927791,6.607151981
1000.987457,0.181903095,6.445208888
1000.952629,0.119000535,6.348344985
1000.904374,0.028261383,6.316325394
1000.8513,0.09751175,6.300088525
1000.800703,0.126053163,6.340866165
1000.764474,0.127512588,6.439052144
1000.754492,0.113929031,6.594144281
1000.74492,0.129052607,6.439137288
1000.714842,0.115582006,6.396509685
1000.705251,0.088364066,6.639995716
1000.733635,0.069972931,6.762391899
1000.777655,0.047819311,6.790491312
1000.820165,0.012930181,6.747561812
1000.848524,-0.040752695,6.653753621
1000.860182,0.057267074,6.584257945
1000.853116,0.106397872,6.473193945
1000.852172,0.034881528,6.647216237
1000.849653,0.018095556,6.453735319
1000.843404,0.090315428,6.612530659
1000.865119,0.128213846,6.723204774
1000.906679,0.13430888,6.803724566
1000.930693,0.120408269,6.551129365
1000.940174,0.061274945,6.666293591
1000.973482,-0.013713319,6.780841655
1000.997242,0.050545228,6.569648051
1000.983437,0.056217724,6.419282751
1000.94482,0.017570036,6.331079816
1000.894316,-0.052744891,6.305452456
1000.840172,0.033763381,6.293660197
1000.78923,0.076723816,6.337574149
1000.753108,0.09016995,6.437923244
1000.743468,0.086493808,6.59447387
1000.73428,0.109402962,6.440418751
