1.269658785,0.035895849,581.4116273,3.836166998,-0.213661459
1.272334628,0.03589267,581.4457265,3.83622023,-0.213645716
1.274884663,0.035889449,581.4802288,3.836273322,-0.213630022
1.277284522,0.035886187,581.5151269,3.836326273,-0.213614378
1.279512575,0.035882883,581.5504135,3.836379082,-0.213598784
1.281550352,0.035879537,581.5860811,3.836431749,-0.21358324
1.283382849,0.03587615,581.6221225,3.836484273,-0.213567747
1.284998682,0.035872721,581.65853,3.836536653,-0.213552304
1.286390115,0.03586925,581.6952963,3.83658889,-0.213536912
1.287552942,0.035865737,581.7324138,3.836640982,-0.213521571
1.288486257,0.035862182,581.769875,3.83669293,-0.213506281
1.28919212,0.035858586,581.8076722,3.836744731,-0.213491043
1.289675157,0.035854947,581.8457979,3.836796387,-0.213475856
1.289942102,0.035851267,581.8842445,3.836847895,-0.213460722
1.290001337,0.035847545,581.9230041,3.836899256,-0.213445639
1.289862439,0.035843781,581.9620692,3.83695047,-0.213430609
1.289535764,0.035839975,582.001432,3.837001535,-0.213415632
1.289032101,0.035836127,582.0410848,3.83705245,-0.213400707
1.288362398,0.035832238,582.0810198,3.837103216,-0.213385835
1.287537578,0.035828306,582.1212293,3.837153832,-0.213371017
1.286568446,0.035824333,582.1617054,3.837204297,-0.213356252
1.285465673,0.035820317,582.2024405,3.837254611,-0.213341541
1.284239861,0.03581626,582.2434266,3.837304773,-0.213326883
1.282901659,0.035812161,582.284656,3.837354782,-0.21331228
1.281461905,0.03580802,582.3261207,3.837404638,-0.213297731
1.279931785,0.035803838,582.3678131,3.837454341,-0.213283237
1.27832297,0.035799613,582.4097253,3.837503889,-0.213268798
1.276647705,0.035795347,582.4518493,3.837553282,-0.213254413
1.274918846,0.035791039,582.4941775,3.83760252,-0.213240084
1.273149808,0.03578669,582.5367019,3.837651602,-0.213225811
1.271354428,0.035782299,582.5794147,3.837700527,-0.213211593
1.269546738,0.035777866,582.6223081,3.837749295,-0.213197431
1.267740646,0.035773392,582.6653743,3.837797905,-0.213183325
1.265949552,0.035768876,582.7086053,3.837846357,-0.213169276
1.264185898,0.035764319,582.7519935,3.83789465,-0.213155283
1.262460699,0.035759721,582.7955311,3.837942783,-0.213141347
1.260783065,0.035755081,582.8392102,3.837990756,-0.213127468
1.259159762,0.0357504,582.883023,3.838038569,-0.213113647
1.257594829,0.035745677,582.9269619,3.83808622,-0.213099883
1.256089296,0.035740914,582.971019,3.838133709,-0.213086176
1.254641011,0.035736109,583.0151867,3.838181036,-0.213072528
1.253244617,0.035731264,583.0594571,3.8382282,-0.213058938
1.25189167,0.035726377,583.1038228,3.8382752,-0.213045406
1.250570921,0.03572145,583.1482759,3.838322035,-0.213031934
1.249268749,0.035716482,583.1928088,3.838368706,-0.21301852
1.247969725,0.035711473,583.237414,3.838415211,-0.213005165
1.246657301,0.035706423,583.2820837,3.838461551,-0.212991869
1.245314585,0.035701333,583.3268105,3.838507723,-0.212978633
1.243925161,0.035696203,583.3715868,3.838553729,-0.212965457
1.242473939,0.035691032,583.4164051,3.838599566,-0.212952341
1.240947964,0.035685821,583.4612579,3.838645235,-0.212939286
1.239337171,0.03568057,583.5061378,3.838690735,-0.21292629
1.237635042,0.035675278,583.5510373,3.838736065,-0.212913356
1.23583912,0.035669947,583.595949,3.838781225,-0.212900483
1.233951376,0.035664575,583.6408656,3.838826214,-0.21288767
1.231978403,0.035659164,583.6857798,3.838871031,-0.212874919
1.229931425,0.035653714,583.7306842,3.838915677,-0.21286223
1.227826122,0.035648223,583.7755717,3.838960149,-0.212849603
1.225682291,0.035642694,583.820435,3.839004449,-0.212837038
1.223523345,0.035637124,583.8652669,3.839048574,-0.212824536
1.221375691,0.035631516,583.9100604,3.839092525,-0.212812096
1.219267994,0.035625869,583.9548082,3.839136301,-0.212799718
1.217230384,0.035620182,583.9995034,3.839179901,-0.212787404
1.215293622,0.035614457,584.044139,3.839223325,-0.212775154
1.213488268,0.035608693,584.0887079,3.839266572,-0.212762966
1.211843879,0.03560289,584.1332033,3.839309641,-0.212750843
1.210388269,0.035597049,584.1776183,3.839352532,-0.212738784
1.209146846,0.03559117,584.2219459,3.839395244,-0.212726789
1.208142052,0.035585252,584.2661795,3.839437777,-0.212714858
1.207392915,0.035579296,584.3103122,3.839480129,-0.212702992
1.206914712,0.035573303,584.3543375,3.839522301,-0.212691191
1.206718746,0.035567271,584.3982485,3.839564292,-0.212679456
1.206812231,0.035561202,584.4420387,3.839606101,-0.212667786
1.207198272,0.035555096,584.4857016,3.839647727,-0.212656181
1.207875926,0.035548952,584.5292306,3.83968917,-0.212644643
1.208840326,0.03554277,584.5726192,3.83973043,-0.21263317
1.210082858,0.035536552,584.615861,3.839771505,-0.212621764
1.211591371,0.035530297,584.6589497,3.839812395,-0.212610425
1.213350403,0.035524005,584.701879,3.839853099,-0.212599153
1.21534142,0.035517676,584.7446425,3.839893617,-0.212587948
1.217543055,0.035511311,584.787234,3.839933948,-0.21257681
1.219931348,0.03550491,584.8296475,3.839974092,-0.21256574
1.22247998,0.035498473,584.8718766,3.840014048,-0.212554737
1.225160512,0.035491999,584.9139155,3.840053814,-0.212543803
1.227942628,0.03548549,584.955758,3.840093392,-0.212532937
1.2307944,0.035478945,584.9973982,3.840132779,-0.21252214
1.233682568,0.035472365,585.0388302,3.840171976,-0.212511411
1.236572859,0.03546575,585.0800481,3.840210982,-0.212500752
1.239430342,0.035459099,585.1210462,3.840249795,-0.212490161
1.242219832,0.035452413,585.1618186,3.840288416,-0.212479641
1.244906332,0.035445693,585.2023596,3.840326844,-0.21246919
1.247455528,0.035438938,585.2426637,3.840365078,-0.212458809
1.249834322,0.035432149,585.2827251,3.840403118,-0.212448499
1.252011385,0.035425325,585.3225384,3.840440962,-0.212438259
1.25395774,0.035418468,585.362098,3.840478611,-0.21242809
1.255647333,0.035411576,585.4013985,3.840516063,-0.212417991
1.257057595,0.035404651,585.4404346,3.840553319,-0.212407965
1.258169953,0.035397693,585.4792008,3.840590376,-0.212398009
1.258970296,0.035390701,585.5176919,3.840627236,-0.212388126
1.259449352,0.035383676,585.5559027,3.840663897,-0.212378314
1.259602973,0.035376618,585.593828,3.840700358,-0.212368575
1.259432314,0.035369527,585.6314627,3.840736618,-0.212358908
1.258943888,0.035362404,585.6688016,3.840772678,-0.212349314
1.258149502,0.035355249,585.7058398,3.840808537,-0.212339793
1.257066066,0.035348061,585.7425723,3.840844193,-0.212330345
1.255715281,0.035340842,585.7789942,3.840879647,-0.21232097
1.254123227,0.035333591,585.8151007,3.840914897,-0.21231167
1.252319846,0.035326308,585.8508868,3.840949943,-0.212302443
1.250338353,0.035318994,585.8863479,3.840984784,-0.212293291
1.248214586,0.035311648,585.9214793,3.84101942,-0.212284213
1.245986326,0.035304272,585.9562763,3.84105385,-0.21227521
1.243692593,0.035296866,585.9907342,3.841088073,-0.212266281
1.241372956,0.035289428,586.0248487,3.841122089,-0.212257429
1.239066855,0.035281961,586.0586151,3.841155897,-0.212248651
1.236812974,0.035274463,586.092029,3.841189496,-0.212239949
1.234648648,0.035266935,586.125086,3.841222886,-0.212231324
1.232609338,0.035259378,586.1577818,3.841256066,-0.212222774
1.230728151,0.035251791,586.1901121,3.841289036,-0.212214301
1.229035426,0.035244175,586.2220726,3.841321794,-0.212205905
1.227558364,0.03523653,586.2536592,3.84135434,-0.212197586
1.226320706,0.035228856,586.2848677,3.841386674,-0.212189344
1.225342438,0.035221154,586.3156941,3.841418794,-0.212181179
1.224639528,0.035213423,586.3461343,3.841450701,-0.212173092
1.22422367,0.035205664,586.3761842,3.841482393,-0.212165084
1.224102037,0.035197877,586.4058401,3.841513869,-0.212157153
1.224277046,0.035190063,586.4350979,3.84154513,-0.212149301
1.224746113,0.035182221,586.463954,3.841576174,-0.212141528
1.22550143,0.035174351,586.4924044,3.841607002,-0.212133834
1.226529752,0.035166455,586.5204454,3.841637611,-0.212126219
1.227812221,0.035158532,586.5480734,3.841668001,-0.212118684
1.229324248,0.035150582,586.5752847,3.841698173,-0.212111229
1.231035457,0.035142605,586.6020757,3.841728124,-0.212103853
1.232909749,0.035134603,586.6284429,3.841757855,-0.212096558
1.234905478,0.035126575,586.6543829,3.841787365,-0.212089344
1.236975784,0.035118521,586.6798921,3.841816653,-0.21208221
1.2390691,0.035110441,586.7049671,3.841845719,-0.212075157
1.241129847,0.035102336,586.7296047,3.841874561,-0.212068186
1.243099323,0.035094206,586.7538016,3.841903179,-0.212061296
1.244916796,0.035086052,586.7775544,3.841931572,-0.212054489
1.246520775,0.035077872,586.8008601,3.841959741,-0.212047763
1.247850456,0.035069669,586.8237153,3.841987683,-0.21204112
1.248847295,0.035061441,586.8461172,3.842015399,-0.212034559
1.249456668,0.03505319,586.8680625,3.842042888,-0.212028081
1.249629573,0.035044914,586.8895484,3.842070148,-0.212021687
1.2493243,0.035036616,586.9105718,3.84209718,-0.212015376
1.248508013,0.035028294,586.9311298,3.842123983,-0.212009148
1.247158167,0.035019949,586.9512196,3.842150555,-0.212003005
1.245263699,0.035011581,586.9708384,3.842176897,-0.211996945
1.242825923,0.035003191,586.9899834,3.842203008,-0.21199097
1.239859074,0.034994779,587.0086519,3.842228886,-0.21198508
1.23639047,0.034986345,587.0268413,3.842254532,-0.211979275
1.232460236,0.034977888,587.0445488,3.842279944,-0.211973555
1.228120615,0.034969411,587.061772,3.842305122,-0.211967921
1.223434835,0.034960911,587.0785083,3.842330066,-0.211962372
1.218475585,0.034952391,587.0947553,3.842354774,-0.21195691
1.213323141,0.03494385,587.1105106,3.842379245,-0.211951534
1.208063187,0.034935288,587.1257717,3.84240348,-0.211946244
1.202784441,0.034926706,587.1405363,3.842427477,-0.211941041
1.197576145,0.034918104,587.1548022,3.842451236,-0.211935925
1.192525538,0.034909481,587.1685671,3.842474757,-0.211930897
1.187715403,0.034900839,587.1818289,3.842498037,-0.211925956
1.183221792,0.034892178,587.1945854,3.842521077,-0.211921104
1.179112018,0.034883497,587.2068346,3.842543876,-0.211916339
1.175443,0.034874797,587.2185744,3.842566434,-0.211911663
1.172260013,0.034866078,587.2298028,3.842588749,-0.211907075
1.169595906,0.034857341,587.2405179,3.842610821,-0.211902577
1.167470794,0.034848586,587.2507179,3.842632649,-0.211898167
1.165892235,0.034839812,587.2604009,3.842654232,-0.211893848
1.164855869,0.03483102,587.269565,3.842675571,-0.211889618
1.164346463,0.034822211,587.2782087,3.842696663,-0.211885478
1.164339316,0.034813384,587.2863302,3.842717509,-0.211881428
1.164801928,0.034804541,587.2939279,3.842738107,-0.211877469
1.165695852,0.03479568,587.3010002,3.842758458,-0.211873601
1.166978637,0.034786802,587.3075456,3.84277856,-0.211869824
1.16860574,0.034777908,587.3135627,3.842798412,-0.211866138
1.170532352,0.034768998,587.3190499,3.842818014,-0.211862544
1.172715018,0.034760072,587.3240061,3.842837366,-0.211859042
1.175113003,0.034751129,587.3284297,3.842856465,-0.211855632
1.177689342,0.034742172,587.3323197,3.842875313,-0.211852315
1.180411549,0.034733198,587.3356748,3.842893908,-0.21184909
1.183251958,0.03472421,587.3384938,3.842912249,-0.211845958
1.186187725,0.034715207,587.3407756,3.842930335,-0.21184292
1.189200502,0.034706189,587.3425193,3.842948167,-0.211839975
1.192275833,0.034697156,587.3437238,3.842965742,-0.211837124
1.195402337,0.03468811,587.3443883,3.842983061,-0.211834367
1.198570744,0.034679049,587.3445118,3.843000123,-0.211831705
1.201772848,0.034669974,587.3440935,3.843016927,-0.211829137
1.205000473,0.034660886,587.3431327,3.843033472,-0.211826664
1.208244497,0.034651785,587.3416287,3.843049758,-0.211824287
1.211494022,0.03464267,587.3395809,3.843065784,-0.211822004
1.21473572,0.034633542,587.3369887,3.843081548,-0.211819818
1.217953408,0.034624402,587.3338516,3.843097052,-0.211817728
1.221127864,0.034615249,587.3301691,3.843112293,-0.211815734
1.224236897,0.034606084,587.3259408,3.843127271,-0.211813836
1.227255653,0.034596906,587.3211664,3.843141985,-0.211812036
1.230157143,0.034587717,587.3158456,3.843156435,-0.211810332
1.232912949,0.034578516,587.3099782,3.843170619,-0.211808726
1.235494068,0.034569304,587.3035641,3.843184538,-0.211807218
1.237871847,0.03456008,587.2966032,3.84319819,-0.211805807
1.240018943,0.034550846,587.2890954,3.843211575,-0.211804495
1.241910276,0.0345416,587.2810408,3.843224692,-0.211803282
1.243523913,0.034532344,587.2724396,3.84323754,-0.211802167
1.244841851,0.034523078,587.2632919,3.843250118,-0.211801151
1.245850663,0.034513801,587.2535978,3.843262426,-0.211800235
1.246541985,0.034504514,587.2433579,3.843274463,-0.211799419
1.246912835,0.034495218,587.2325723,3.843286229,-0.211798702
1.246965761,0.034485912,587.2212417,3.843297722,-0.211798085
1.246708814,0.034476596,587.2093664,3.843308941,-0.211797569
1.246155381,0.034467271,587.196947,3.843319887,-0.211797154
1.245323871,0.034457938,587.1839843,3.843330558,-0.21179684
1.244237291,0.034448595,587.170479,3.843340954,-0.211796627
1.242922734,0.034439244,587.1564317,3.843351073,-0.211796516
1.241410795,0.034429884,587.1418435,3.843360916,-0.211796507
1.239734932,0.034420516,587.1267152,3.843370481,-0.2117966
1.237930802,0.034411141,587.1110478,3.843379768,-0.211796795
1.236035573,0.034401757,587.0948425,3.843388775,-0.211797094
1.234087218,0.034392365,587.0781004,3.843397503,-0.211797495
1.23212381,0.034382967,587.0608226,3.84340595,-0.211797999
1.230182807,0.03437356,587.0430106,3.843414116,-0.211798608
1.228300342,0.034364147,587.0246658,3.843421999,-0.21179932
1.226510511,0.034354727,587.0057894,3.8434296,-0.211800136
1.22484466,0.0343453,586.9863832,3.843436917,-0.211801057
1.2233307,0.034335866,586.9664487,3.84344395,-0.211802082
1.22199243,0.034326426,586.9459876,3.843450698,-0.211803213
1.22084891,0.03431698,586.9250017,3.84345716,-0.211804448
1.219913885,0.034307528,586.9034929,3.843463335,-0.21180579
1.219195305,0.03429807,586.8814629,3.843469223,-0.211807237
1.218694939,0.034288606,586.8589139,3.843474823,-0.211808791
1.21840814,0.034279137,586.835848,3.843480135,-0.211810451
1.21832377,0.034269662,586.8122673,3.843485156,-0.211812218
1.218424314,0.034260182,586.7881741,3.843489887,-0.211814092
1.218686205,0.034250697,586.7635706,3.843494327,-0.211816073
1.219080368,0.034241207,586.7384594,3.843498476,-0.211818162
1.219572988,0.034231713,586.7128429,3.843502331,-0.211820358
1.220126492,0.034222214,586.6867237,3.843505893,-0.211822663
1.220700724,0.034212711,586.6601044,3.843509162,-0.211825077
1.221254286,0.034203203,586.6329878,3.843512135,-0.211827599
1.221745992,0.034193691,586.6053768,3.843514812,-0.211830231
1.222136396,0.034184176,586.5772743,3.843517193,-0.211832971
1.222389317,0.034174656,586.5486832,3.843519277,-0.211835822
1.222473309,0.034165133,586.5196066,3.843521063,-0.211838782
1.222362999,0.034155607,586.4900478,3.843522551,-0.211841853
1.222040229,0.034146077,586.4600099,3.843523738,-0.211845034
1.221494948,0.034136544,586.4294965,3.843524626,-0.211848326
1.220725789,0.034127008,586.3985107,3.843525212,-0.211851729
1.219740312,0.034117469,586.3670562,3.843525497,-0.211855244
1.218554866,0.034107927,586.3351367,3.843525479,-0.21185887
1.217194082,0.034098383,586.3027557,3.843525158,-0.211862609
1.215690004,0.034088836,586.2699171,3.843524533,-0.211866459
1.214080879,0.034079287,586.2366247,3.843523602,-0.211870423
1.212409669,0.034069736,586.2028826,3.843522367,-0.211874499
1.21072233,0.034060182,586.1686947,3.843520824,-0.211878688
1.209065959,0.034050627,586.1340652,3.843518975,-0.211882991
1.207486862,0.034041069,586.0989983,3.843516818,-0.211887408
1.206028662,0.03403151,586.0634983,3.843514351,-0.211891939
1.204730522,0.03402195,586.0275697,3.843511576,-0.211896584
1.20362557,0.034012388,585.9912168,3.84350849,-0.211901344
1.202739609,0.034002824,585.9544444,3.843505093,-0.211906219
1.202090167,0.033993259,585.9172569,3.843501384,-0.211911209
1.201685946,0.033983694,585.8796593,3.843497362,-0.211916315
1.201526685,0.033974127,585.8416564,3.843493027,-0.211921536
1.201603448,0.033964559,585.803253,3.843488378,-0.211926874
1.201899331,0.03395499,585.7644542,3.843483413,-0.211932328
1.202390533,0.033945421,585.7252652,3.843478133,-0.2119379
1.203047755,0.033935851,585.685691,3.843472537,-0.211943588
1.20383784,0.033926281,585.645737,3.843466623,-0.211949393
1.204725578,0.03391671,585.6054085,3.84346039,-0.211955316
1.205675578,0.033907139,585.564711,3.843453839,-0.211961358
1.206654116,0.033897568,585.5236501,3.843446968,-0.211967517
1.207630852,0.033887996,585.4822313,3.843439777,-0.211973795
1.208580343,0.033878425,585.4404604,3.843432264,-0.211980192
1.20948326,0.033868853,585.3983432,3.84342443,-0.211986708
1.210327262,0.033859282,585.3558855,3.843416272,-0.211993344
1.211107467,0.033849711,585.3130933,3.84340779,-0.2120001
1.211826521,0.03384014,585.2699727,3.843398985,-0.212006975
1.212494235,0.03383057,585.2265298,3.843389853,-0.212013971
1.213126851,0.033821,585.1827708,3.843380396,-0.212021088
1.213745943,0.033811431,585.138702,3.843370612,-0.212028326
1.21437704,0.033801863,585.0943298,3.8433605,-0.212035685
1.215048041,0.033792295,585.0496607,3.84335006,-0.212043166
1.215787505,0.033782728,585.0047012,3.84333929,-0.212050768
1.21662292,0.033773161,584.9594579,3.84332819,-0.212058493
1.217579036,0.033763596,584.9139375,3.84331676,-0.212066341
1.218676359,0.033754031,584.8681468,3.843304997,-0.212074311
1.219929883,0.033744468,584.8220926,3.843292902,-0.212082404
1.221348136,0.033734906,584.775782,3.843280474,-0.212090621
1.22293257,0.033725344,584.7292218,3.843267712,-0.212098962
1.224677355,0.033715784,584.6824191,3.843254615,-0.212107427
1.226569557,0.033706226,584.6353813,3.843241182,-0.212116016
1.228589705,0.033696668,584.5881153,3.843227412,-0.21212473
1.230712704,0.033687112,584.5406286,3.843213305,-0.212133569
1.232909045,0.033677557,584.4929285,3.84319886,-0.212142533
1.235146244,0.033668004,584.4450225,3.843184076,-0.212151623
1.237390424,0.033658452,584.3969181,3.843168952,-0.212160839
1.239607957,0.033648901,584.3486228,3.843153488,-0.212170181
1.24176708,0.033639353,584.3001443,3.843137682,-0.21217965
1.243839389,0.033629805,584.2514902,3.843121534,-0.212189245
1.245801144,0.03362026,584.2026685,3.843105043,-0.212198968
1.247634301,0.033610716,584.1536868,3.843088208,-0.212208819
1.249327245,0.033601173,584.1045531,3.843071028,-0.212218797
1.250875162,0.033591633,584.0552754,3.843053503,-0.212228903
1.252280062,0.033582094,584.0058616,3.843035631,-0.212239138
1.253550441,0.033572556,583.9563199,3.843017412,-0.212249501
1.254700618,0.033563021,583.9066583,3.842998846,-0.212259993
1.255749785,0.033553487,583.856885,3.84297993,-0.212270615
1.256720829,0.033543955,583.8070083,3.842960665,-0.212281367
1.257638988,0.033534425,583.7570365,3.842941049,-0.212292249
1.258530429,0.033524897,583.7069779,3.842921082,-0.212303261
1.2594208,0.03351537,583.6568408,3.842900763,-0.212314403
1.260333864,0.033505846,583.6066338,3.842880091,-0.212325677
1.261290244,0.033496323,583.5563652,3.842859065,-0.212337082
1.26230637,0.033486802,583.5060437,3.842837685,-0.212348618
1.263393654,0.033477282,583.4556777,3.842815949,-0.212360287
1.264557935,0.033467765,583.4052759,3.842793857,-0.212372087
1.265799199,0.033458249,583.3548469,3.842771407,-0.21238402
1.267111582,0.033448736,583.3043994,3.8427486,-0.212396086
1.268483641,0.033439224,583.2539421,3.842725434,-0.212408286
1.269898859,0.033429713,583.2034838,3.842701909,-0.212420618
1.27133635,0.033420205,583.1530332,3.842678023,-0.212433085
1.272771723,0.033410698,583.1025991,3.842653775,-0.212445686
1.274178044,0.033401193,583.0521904,3.842629166,-0.212458421
1.275526845,0.03339169,583.001816,3.842604193,-0.212471291
1.276789148,0.033382188,582.9514847,3.842578857,-0.212484296
1.27793643,0.033372689,582.9012054,3.842553156,-0.212497436
1.278941512,0.03336319,582.8509872,3.84252709,-0.212510713
1.279779334,0.033353694,582.8008388,3.842500657,-0.212524125
1.280427594,0.033344199,582.7507694,3.842473857,-0.212537674
1.280867237,0.033334705,582.7007878,3.842446689,-0.212551359
1.281082804,0.033325213,582.6509031,3.842419152,-0.212565182
1.281062625,0.033315722,582.6011242,3.842391245,-0.212579142
1.280798894,0.033306233,582.5514603,3.842362968,-0.212593239
1.28028762,0.033296746,582.5019202,3.84233432,-0.212607475
1.279528496,0.033287259,582.4525131,3.842305299,-0.212621849
1.278524685,0.033277774,582.4032479,3.842275905,-0.212636361
1.27728257,0.03326829,582.3541337,3.842246137,-0.212651013
1.275811467,0.033258808,582.3051795,3.842215994,-0.212665804
1.274123322,0.033249326,582.2563943,3.842185475,-0.212680734
1.272232412,0.033239846,582.2077871,3.84215458,-0.212695805
1.27015505,0.033230366,582.159367,3.842123308,-0.212711015
1.267909293,0.033220888,582.111143,3.842091657,-0.212726367
1.265514666,0.033211411,582.0631239,3.842059627,-0.212741859
1.262991893,0.033201934,582.0153189,3.842027217,-0.212757493
1.26036262,0.033192458,581.9677368,3.841994426,-0.212773268
1.257649143,0.033182983,581.9203866,3.841961254,-0.212789185
1.254874129,0.033173509,581.8732771,3.841927699,-0.212805244
1.25206032,0.033164035,581.8264174,3.84189376,-0.212821446
1.249230237,0.033154562,581.7798162,3.841859438,-0.212837791
1.24640587,0.033145089,581.7334823,3.84182473,-0.212854279
1.243608374,0.033135616,581.6874247,3.841789636,-0.212870911
1.240857776,0.033126144,581.641652,3.841754155,-0.212887687
1.238172706,0.033116672,581.5961729,3.841718286,-0.212904607
1.235570161,0.033107201,581.5509963,3.841682029,-0.212921671
1.233065332,0.033097729,581.5061307,3.841645382,-0.212938881
1.230671489,0.033088257,581.4615848,3.841608345,-0.212956235
1.228399945,0.033078785,581.4173672,3.841570916,-0.212973735
1.226260115,0.033069313,581.3734863,3.841533096,-0.212991381
1.224259655,0.033059841,581.3299507,3.841494882,-0.213009174
1.222404701,0.033050368,581.2867688,3.841456275,-0.213027112
1.220700178,0.033040895,581.243949,3.841417273,-0.213045198
1.219150185,0.033031421,581.2014996,3.841377875,-0.213063431
1.217758428,0.033021946,581.1594289,3.84133808,-0.213081812
1.216528674,0.033012471,581.1177451,3.841297889,-0.21310034
1.215465203,0.033002995,581.0764564,3.841257299,-0.213119017
1.214573232,0.032993518,581.0355707,3.84121631,-0.213137842
1.213859261,0.03298404,580.9950963,3.84117492,-0.213156816
1.213331343,0.03297456,580.9550409,3.84113313,-0.21317594
1.21299922,0.03296508,580.9154125,3.841090938,-0.213195213
1.212874322,0.032955598,580.876219,3.841048344,-0.213214636
1.212969609,0.032946114,580.837468,3.841005346,-0.213234209
1.213299249,0.032936629,580.7991673,3.840961943,-0.213253933
1.213878138,0.032927142,580.7613243,3.840918135,-0.213273807
1.21472126,0.032917653,580.7239467,3.840873921,-0.213293833
1.215842922,0.032908162,580.6870418,3.840829299,-0.213314011
1.217255883,0.03289867,580.6506169,3.84078427,-0.21333434
1.218970419,0.032889175,580.6146794,3.840738832,-0.213354822
1.220993361,0.032879677,580.5792364,3.840692984,-0.213375457
1.223327145,0.032870178,580.544295,3.840646725,-0.213396244
1.225968951,0.032860675,580.5098622,3.840600055,-0.213417185
1.228909938,0.03285117,580.4759447,3.840552972,-0.213438279
1.232134652,0.032841662,580.4425496,3.840505475,-0.213459528
1.235620639,0.032832152,580.4096833,3.840457565,-0.21348093
1.239338283,0.032822638,580.3773526,3.840409239,-0.213502488
1.243250914,0.032813121,580.3455639,3.840360497,-0.2135242
1.247315187,0.0328036,580.3143237,3.840311338,-0.213546068
1.251481732,0.032794077,580.2836381,3.840261762,-0.213568092
1.25569608,0.032784549,580.2535134,3.840211766,-0.213590271
1.25989982,0.032775018,580.2239557,3.840161351,-0.213612607
1.264031979,0.032765483,580.1949708,3.840110515,-0.2136351
1.268030563,0.032755944,580.1665647,3.840059258,-0.21365775
1.271834215,0.032746401,580.1387431,3.840007578,-0.213680557
1.275383925,0.032736853,580.1115116,3.839955475,-0.213703522
1.278624743,0.032727301,580.0848757,3.839902947,-0.213726645
1.281507409,0.032717745,580.0588408,3.839849995,-0.213749926
1.283989863,0.032708184,580.0334121,3.839796616,-0.213773367
1.286038555,0.032698617,580.0085949,3.839742811,-0.213796966
1.287629509,0.032689046,579.9843939,3.839688578,-0.213820725
1.288749114,0.03267947,579.9608143,3.839633915,-0.213844644
1.289394579,0.032669889,579.9378608,3.839578823,-0.213868723
1.289574066,0.032660302,579.9155379,3.839523301,-0.213892963
1.289306473,0.032650709,579.8938502,3.839467347,-0.213917364
1.288620878,0.032641111,579.8728021,3.83941096,-0.213941925
1.287555676,0.032631507,579.8523978,3.83935414,-0.213966649
1.286157423,0.032621896,579.8326414,3.839296886,-0.213991534
1.284479451,0.03261228,579.8135369,3.839239197,-0.214016582
1.282580288,0.032602657,579.7950882,3.839181071,-0.214041792
1.280521952,0.032593028,579.7772989,3.839122508,-0.214067166
1.278368177,0.032583392,579.7601726,3.839063508,-0.214092702
1.276182636,0.032573749,579.7437128,3.839004068,-0.214118403
1.274027225,0.032564099,579.7279227,3.838944188,-0.214144267
1.271960451,0.032554442,579.7128055,3.838883868,-0.214170296
1.270036002,0.032544778,579.6983643,3.838823106,-0.21419649
1.268301509,0.032535106,579.6846017,3.838761902,-0.214222848
1.266797566,0.032525427,579.6715207,3.838700254,-0.214249373
1.265556998,0.03251574,579.6591237,3.838638161,-0.214276063
1.264604415,0.032506045,579.6474132,3.838575623,-0.214302919
1.263956039,0.032496342,579.6363914,3.838512638,-0.214329942
1.263619788,0.03248663,579.6260606,3.838449207,-0.214357131
1.263595615,0.032476911,579.6164227,3.838385327,-0.214384488
1.263876054,0.032467182,579.6074795,3.838320997,-0.214412013
1.264446955,0.032457445,579.5992328,3.838256218,-0.214439705
1.265288352,0.032447699,579.5916841,3.838190988,-0.214467566
1.266375442,0.032437944,579.5848347,3.838125306,-0.214495595
1.267679605,0.03242818,579.578686,3.83805917,-0.214523794
1.269169456,0.032418406,579.5732391,3.837992581,-0.214552162
1.270811847,0.032408623,579.5684947,3.837925537,-0.214580699
1.272572833,0.03239883,579.5644539,3.837858038,-0.214609407
1.27441852,0.032389027,579.5611172,3.837790081,-0.214638285
1.27631581,0.032379214,579.5584851,3.837721667,-0.214667334
1.278233,0.032369391,579.5565579,3.837652795,-0.214696555
1.280140245,0.032359558,579.5553358,3.837583462,-0.214725946
1.282009856,0.032349714,579.5548189,3.83751367,-0.21475551
1.283816456,0.032339859,579.555007,3.837443416,-0.214785246
1.285537006,0.032329993,579.5558999,3.837372699,-0.214815154
1.287150693,0.032320116,579.5574972,3.837301519,-0.214845236
1.288638728,0.032310228,579.5597982,3.837229875,-0.214875491
1.289984065,0.032300329,579.5628022,3.837157766,-0.214905919
1.291171071,0.032290418,579.5665084,3.83708519,-0.214936522
1.292185174,0.032280496,579.5709157,3.837012148,-0.214967299
1.293012531,0.032270561,579.576023,3.836938637,-0.214998251
1.293639731,0.032260614,579.5818288,3.836864657,-0.215029378
1.294053565,0.032250656,579.5883318,3.836790207,-0.215060681
1.294240894,0.032240685,579.5955302,3.836715286,-0.215092159
1.294188628,0.032230701,579.6034223,3.836639893,-0.215123814
1.293883829,0.032220705,579.6120062,3.836564027,-0.215155645
1.293313947,0.032210695,579.6212797,3.836487687,-0.215187654
1.292467192,0.032200673,579.6312406,3.836410873,-0.21521984
1.291333032,0.032190637,579.6418865,3.836333582,-0.215252203
1.289902797,0.032180589,579.6532149,3.836255815,-0.215284745
1.288170379,0.032170526,579.6652232,3.83617757,-0.215317465
1.286132984,0.03216045,579.6779083,3.836098847,-0.215350364
1.283791909,0.03215036,579.6912675,3.836019643,-0.215383442
1.281153299,0.032140256,579.7052976,3.835939959,-0.215416699
1.278228853,0.032130138,579.7199952,3.835859794,-0.215450137
1.275036407,0.032120005,579.735357,3.835779145,-0.215483755
1.271600388,0.032109858,579.7513795,3.835698014,-0.215517553
1.267952066,0.032099697,579.7680589,3.835616397,-0.215551533
1.264129587,0.03208952,579.7853914,3.835534295,-0.215585694
1.260177758,0.032079329,579.8033731,3.835451707,-0.215620037
1.256147562,0.032069122,579.8219997,3.835368631,-0.215654562
1.252095403,0.0320589,579.8412671,3.835285067,-0.215689269
1.248082084,0.032048663,579.8611708,3.835201013,-0.215724159
1.244171533,0.03203841,579.8817064,3.835116469,-0.215759233
1.240429319,0.032028141,579.9028691,3.835031433,-0.21579449
1.236920996,0.032017856,579.9246542,3.834945905,-0.215829932
1.23371032,0.032007556,579.9470568,3.834859884,-0.215865557
1.230857426,0.031997239,579.9700717,3.834773368,-0.215901368
1.228417006,0.031986905,579.9936938,3.834686357,-0.215937364
1.226436573,0.031976556,580.0179178,3.83459885,-0.215973545
1.224954892,0.031966189,580.0427382,3.834510845,-0.216009912
1.22400062,0.031955806,580.0681495,3.834422342,-0.216046465
1.223591237,0.031945405,580.0941459,3.83433334,-0.216083205
1.223732316,0.031934988,580.1207217,3.834243837,-0.216120132
1.224417153,0.031924553,580.1478708,3.834153833,-0.216157246
1.225626805,0.031914101,580.1755873,3.834063327,-0.216194548
1.227330521,0.031903631,580.2038649,3.833972318,-0.216232039
1.229486573,0.031893144,580.2326975,3.833880804,-0.216269717
1.23204345,0.031882639,580.2620784,3.833788785,-0.216307585
1.23494138,0.031872115,580.2920013,3.83369626,-0.216345642
1.238114126,0.031861574,580.3224595,3.833603227,-0.216383889
1.241490985,0.031851015,580.3534462,3.833509687,-0.216422325
1.244998925,0.031840437,580.3849547,3.833415637,-0.216460953
1.248564775,0.03182984,580.4169778,3.833321076,-0.21649977
1.252117384,0.031819225,580.4495086,3.833226005,-0.21653878
1.255589687,0.031808591,580.48254,3.833130421,-0.21657798
1.258920584,0.031797938,580.5160645,3.833034324,-0.216617373
1.262056582,0.031787266,580.5500749,3.832937713,-0.216656958
1.264953139,0.031776575,580.5845636,3.832840586,-0.216696735
1.267575674,0.031765865,580.6195232,3.832742943,-0.216736706
1.2699002,0.031755135,580.654946,3.832644783,-0.21677687
1.271913588,0.031744386,580.6908241,3.832546104,-0.216817229
1.273613438,0.031733617,580.7271498,3.832446906,-0.216857781
1.275007596,0.031722828,580.7639152,3.832347188,-0.216898528
1.276113319,0.031712019,580.8011121,3.832246948,-0.21693947
1.276956148,0.031701191,580.8387326,3.832146186,-0.216980607
1.277568522,0.031690342,580.8767685,3.832044901,-0.21702194
1.277988199,0.031679473,580.9152114,3.831943091,-0.21706347
1.278256529,0.031668583,580.954053,3.831840756,-0.217105196
1.278416664,0.031657673,580.993285,3.831737895,-0.217147118
1.278511749,0.031646743,581.0328988,3.831634505,-0.217189238
1.278583168,0.031635792,581.0728858,3.831530588,-0.217231556
1.278668905,0.03162482,581.1132375,3.831426141,-0.217274072
1.278802064,0.031613827,581.1539451,3.831321163,-0.217316787
1.279009608,0.031602813,581.1949999,3.831215654,-0.2173597
1.279311357,0.031591778,581.2363929,3.831109612,-0.217402813
1.279719262,0.031580722,581.2781155,3.831003037,-0.217446125
1.280237,0.031569645,581.3201585,3.830895927,-0.217489637
1.280859877,0.031558547,581.362513,3.830788281,-0.21753335
1.281575058,0.031547426,581.4051699,3.830680099,-0.217577264
1.282362111,0.031536285,581.4481201,3.830571379,-0.217621378
1.283193834,0.031525122,581.4913544,3.83046212,-0.217665695
1.284037351,0.031513937,581.5348636,3.830352322,-0.217710213
1.284855429,0.03150273,581.5786385,3.830241982,-0.217754934
1.285607964,0.031491501,581.6226697,3.830131101,-0.217799858
1.286253593,0.031480251,581.6669479,3.830019677,-0.217844984
1.286751365,0.031468979,581.7114637,3.829907709,-0.217890315
1.287062414,0.031457684,581.7562076,3.829795195,-0.217935849
1.287151559,0.031446367,581.8011703,3.829682136,-0.217981588
1.28698878,0.031435028,581.8463421,3.82956853,-0.218027531
1.286550511,0.031423667,581.8917136,3.829454376,-0.21807368
1.285820681,0.031412284,581.9372753,3.829339673,-0.218120034
1.284791481,0.031400878,581.9830174,3.829224419,-0.218166594
1.2834638,0.031389449,582.0289305,3.829108614,-0.21821336
1.281847326,0.031377999,582.0750049,3.828992257,-0.218260333
1.279960293,0.031366525,582.121231,3.828875347,-0.218307514
1.277828873,0.031355029,582.1675989,3.828757882,-0.218354901
1.275486258,0.031343511,582.2140992,3.828639862,-0.218402497
1.272971433,0.031331969,582.260722,3.828521286,-0.218450301
1.270327717,0.031320405,582.3074577,3.828402152,-0.218498314
1.26760111,0.031308818,582.3542966,3.828282459,-0.218546536
1.264838533,0.031297209,582.4012289,3.828162207,-0.218594967
1.262086019,0.031285576,582.4482448,3.828041394,-0.218643608
1.259386939,0.031273921,582.4953347,3.827920019,-0.21869246
1.256780351,0.031262243,582.5424888,3.827798081,-0.218741522
1.254299527,0.031250541,582.5896973,3.82767558,-0.218790796
1.251970738,0.031238817,582.6369506,3.827552514,-0.218840281
1.249812346,0.03122707,582.6842388,3.827428882,-0.218889978
1.247834251,0.0312153,582.7315524,3.827304682,-0.218939887
1.24603771,0.031203507,582.7788815,3.827179915,-0.218990009
1.244415549,0.031191691,582.8262165,3.827054579,-0.219040344
1.242952749,0.031179852,582.8735476,3.826928672,-0.219090893
1.241627388,0.03116799,582.9208652,3.826802194,-0.219141655
1.240411899,0.031156105,582.9681597,3.826675144,-0.219192632
1.239274577,0.031144197,583.0154213,3.82654752,-0.219243824
1.238181284,0.031132266,583.0626406,3.826419322,-0.21929523
1.237097258,0.031120312,583.1098078,3.826290548,-0.219346853
1.235988964,0.031108335,583.1569135,3.826161198,-0.219398691
1.234825886,0.031096335,583.2039481,3.826031269,-0.219450746
1.233582194,0.031084312,583.250902,3.825900763,-0.219503017
1.232238211,0.031072266,583.2977658,3.825769676,-0.219555506
1.230781602,0.031060197,583.3445301,3.825638008,-0.219608212
1.229208261,0.031048106,583.3911855,3.825505759,-0.219661136
1.227522821,0.031035991,583.4377225,3.825372926,-0.219714279
1.225738808,0.031023854,583.4841318,3.825239509,-0.21976764
1.223878393,0.031011694,583.5304042,3.825105507,-0.219821221
1.221971784,0.030999511,583.5765304,3.824970918,-0.219875021
1.220056267,0.030987305,583.6225011,3.824835743,-0.219929042
1.21817494,0.030975077,583.6683073,3.824699978,-0.219983282
1.216375202,0.030962826,583.7139397,3.824563624,-0.220037744
1.214707042,0.030950553,583.7593894,3.82442668,-0.220092427
1.213221211,0.030938257,583.8046473,3.824289144,-0.220147332
1.211967341,0.030925939,583.8497045,3.824151014,-0.220202458
1.210992089,0.030913599,583.894552,3.824012291,-0.220257808
1.210337374,0.030901236,583.939181,3.823872973,-0.22031338
1.210038769,0.030888851,583.9835827,3.823733059,-0.220369175
1.21012412,0.030876443,584.0277483,3.823592548,-0.220425194
1.210612423,0.030864014,584.0716692,3.823451438,-0.220481438
1.211513007,0.030851563,584.1153368,3.823309729,-0.220537906
1.21282506,0.03083909,584.1587425,3.82316742,-0.220594599
1.214537486,0.030826595,584.2018778,3.823024509,-0.220651517
1.216629116,0.030814078,584.2447344,3.822880995,-0.220708661
1.219069254,0.030801539,584.2873038,3.822736878,-0.220766032
1.221818533,0.030788979,584.3295778,3.822592156,-0.220823629
1.224830048,0.030776398,584.3715482,3.822446827,-0.220881453
1.228050727,0.030763795,584.4132069,3.822300892,-0.220939504
1.231422875,0.030751172,584.4545457,3.822154349,-0.220997784
1.234885859,0.030738527,584.4955566,3.822007196,-0.221056292
1.238377841,0.030725861,584.5362319,3.821859433,-0.221115028
1.241837537,0.030713174,584.5765636,3.821711058,-0.221173994
1.245205898,0.030700466,584.6165441,3.821562071,-0.221233189
1.248427691,0.030687738,584.6561655,3.82141247,-0.221292615
1.251452909,0.030674989,584.6954203,3.821262254,-0.22135227
1.254237965,0.03066222,584.7343011,3.821111423,-0.221412157
1.256746639,0.030649431,584.7728004,3.820959974,-0.221472275
1.258950747,0.030636622,584.8109108,3.820807907,-0.221532624
1.26083051,0.030623793,584.8486251,3.820655221,-0.221593206
1.262374635,0.030610944,584.8859362,3.820501915,-0.22165402
1.263580083,0.030598075,584.9228368,3.820347987,-0.221715067
1.264451583,0.030585187,584.9593202,3.820193436,-0.221776347
1.265000883,0.03057228,584.9953793,3.820038262,-0.221837862
1.265245793,0.030559354,585.0310073,3.819882463,-0.22189961
1.265209073,0.030546409,585.0661976,3.819726037,-0.221961593
1.2649172,0.030533445,585.1009436,3.819568985,-0.222023811
1.264399082,0.030520462,585.1352385,3.819411305,-0.222086265
1.263684772,0.030507461,585.1690762,3.819252995,-0.222148955
1.262804244,0.030494442,585.2024502,3.819094055,-0.222211881
1.261786275,0.030481404,585.2353543,3.818934483,-0.222275043
1.260657491,0.030468349,585.2677823,3.818774278,-0.222338443
1.259441605,0.030455276,585.2997282,3.81861344,-0.222402081
1.258158891,0.030442186,585.331186,3.818451967,-0.222465956
1.256825899,0.030429079,585.36215,3.818289857,-0.22253007
1.255455431,0.030415954,585.3926143,3.81812711,-0.222594423
1.25405676,0.030402813,585.4225734,3.817963725,-0.222659015
1.252636079,0.030389655,585.4520217,3.8177997,-0.222723847
1.251197158,0.030376481,585.4809537,3.817635035,-0.22278892
1.249742152,0.030363291,585.5093642,3.817469728,-0.222854232
1.248272525,0.030350085,585.5372478,3.817303778,-0.222919786
1.246790027,0.030336863,585.5645996,3.817137184,-0.222985582
1.245297671,0.030323625,585.5914144,3.816969945,-0.223051619
1.243800636,0.030310373,585.6176873,3.816802059,-0.223117899
1.242307059,0.030297105,585.6434136,3.816633526,-0.223184421
1.240828636,0.030283823,585.6685886,3.816464344,-0.223251187
1.239381007,0.030270527,585.6932076,3.816294513,-0.223318196
1.237983883,0.030257216,585.7172663,3.81612403,-0.223385449
1.236660875,0.030243891,585.7407601,3.815952896,-0.223452947
1.235439046,0.030230553,585.7636849,3.815781108,-0.22352069
1.234348162,0.030217201,585.7860365,3.815608666,-0.223588678
1.233419669,0.030203836,585.8078108,3.815435568,-0.223656912
1.232685445,0.030190459,585.829004,3.815261814,-0.223725392
1.232176353,0.030177068,585.8496121,3.815087402,-0.223794119
1.231920675,0.030163666,585.8696316,3.814912331,-0.223863093
1.231942471,0.030150251,585.8890587,3.814736599,-0.223932315
1.232259975,0.030136825,585.9078901,3.814560207,-0.224001785
1.232884068,0.030123388,585.9261222,3.814383152,-0.224071503
1.233816934,0.03010994,585.9437519,3.814205433,-0.22414147
1.235050966,0.03009648,585.9607761,3.81402705,-0.224211686
1.236567979,0.030083011,585.9771915,3.813848001,-0.224282152
1.238338802,0.030069531,585.9929954,3.813668285,-0.224352868
1.240323281,0.030056041,586.008185,3.8134879,-0.224423835
1.242470718,0.030042542,586.0227574,3.813306846,-0.224495053
1.244720752,0.030029034,586.0367101,3.813125121,-0.224566522
1.247004676,0.030015517,586.0500407,3.812942725,-0.224638243
1.249247146,0.030001991,586.0627468,3.812759656,-0.224710217
1.251368242,0.029988458,586.0748261,3.812575912,-0.224782443
1.253285802,0.029974916,586.0862765,3.812391494,-0.224854923
1.25491795,0.029961368,586.097096,3.812206399,-0.224927657
1.256185726,0.029947812,586.1072826,3.812020626,-0.225000645
1.257015713,0.029934249,586.1168346,3.811834175,-0.225073887
1.257342553,0.02992068,586.1257503,3.811647044,-0.225147384
1.257111258,0.029907105,586.1340281,3.811459231,-0.225221137
1.256279217,0.029893524,586.1416666,3.811270736,-0.225295146
1.254817803,0.029879939,586.1486643,3.811081558,-0.225369411
1.252713536,0.029866348,586.1550202,3.810891695,-0.225443933
1.249968724,0.029852753,586.160733,3.810701147,-0.225518712
1.246601579,0.029839153,586.1658018,3.810509911,-0.225593749
1.242645783,0.02982555,586.1702256,3.810317987,-0.225669044
1.238149539,0.029811944,586.1740038,3.810125374,-0.225744598
1.233174138,0.029798335,586.1771355,3.80993207,-0.225820411
1.227792115,0.029784723,586.1796204,3.809738074,-0.225896483
1.222085061,0.029771109,586.1814579,3.809543386,-0.225972815
1.216141207,0.029757494,586.1826477,3.809348003,-0.226049408
1.210052866,0.029743877,586.1831896,3.809151925,-0.226126262
1.203913853,0.029730259,586.1830834,3.80895515,-0.226203376
1.197816985,0.029716641,586.1823293,3.808757678,-0.226280753
1.191851764,0.029703023,586.1809273,3.808559507,-0.226358392
1.18610233,0.029689406,586.1788776,3.808360636,-0.226436293
1.180645756,0.029675789,586.1761806,3.808161063,-0.226514458
1.175550736,0.029662174,586.1728368,3.807960788,-0.226592886
1.170876689,0.02964856,586.1688466,3.807759809,-0.226671578
1.166673299,0.029634949,586.1642108,3.807558126,-0.226750535
1.162980453,0.02962134,586.1589302,3.807355736,-0.226829756
1.159828555,0.029607735,586.1530056,3.807152639,-0.226909243
1.157239142,0.029594133,586.146438,3.806948834,-0.226988996
1.155225746,0.029580535,586.1392286,3.806744319,-0.227069015
1.153794897,0.029566941,586.1313785,3.806539093,-0.227149301
1.1529472,0.029553353,586.1228891,3.806333154,-0.227229854
1.152678387,0.02953977,586.1137618,3.806126503,-0.227310675
1.152980269,0.029526193,586.1039982,3.805919137,-0.227391763
1.153841517,0.029512622,586.0935998,3.805711055,-0.227473121
1.155248228,0.029499059,586.0825685,3.805502257,-0.227554747
1.157184237,0.029485502,586.070906,3.80529274,-0.227636643
1.159631163,0.029471954,586.0586145,3.805082504,-0.227718808
1.162568211,0.029458414,586.0456958,3.804871547,-0.227801245
1.165971756,0.029444883,586.0321522,3.804659869,-0.227883952
1.169814758,0.029431362,586.017986,3.804447467,-0.22796693
1.174066082,0.02941785,586.0031995,3.804234341,-0.22805018
1.1786898,0.029404349,585.9877953,3.80402049,-0.228133702
1.183644558,0.029390859,585.9717758,3.803805912,-0.228217497
1.188883091,0.029377381,585.9551439,3.803590607,-0.228301565
1.194351967,0.029363914,585.9379022,3.803374572,-0.228385907
1.199991615,0.02935046,585.9200536,3.803157807,-0.228470523
1.205736711,0.02933702,585.9016012,3.80294031,-0.228555413
1.211516918,0.029323592,585.882548,3.80272208,-0.228640579
1.217258012,0.029310179,585.8628973,3.802503117,-0.22872602
1.222883362,0.029296781,585.8426522,3.802283418,-0.228811736
1.228315727,0.029283398,585.8218162,3.802062983,-0.22889773
1.233479294,0.029270031,585.8003927,3.80184181,-0.228984
1.238301885,0.029256681,585.7783854,3.801619898,-0.229070547
1.242717222,0.029243347,585.7557979,3.801397246,-0.229157372
1.246667148,0.029230031,585.732634,3.801173852,-0.229244475
1.250103683,0.029216733,585.7088975,3.800949716,-0.229331858
1.252990808,0.029203454,585.6845923,3.800724836,-0.229419519
1.255305887,0.029190193,585.6597226,3.800499211,-0.22950746
1.257040613,0.029176953,585.6342925,3.80027284,-0.229595681
1.258201452,0.029163733,585.6083062,3.800045721,-0.229684183
1.258809506,0.029150535,585.5817681,3.799817853,-0.229772965
1.258899814,0.029137357,585.5546825,3.799589235,-0.22986203
1.258520081,0.029124203,585.527054,3.799359866,-0.229951376
1.257728897,0.02911107,585.4988871,3.799129744,-0.230041005
1.256593504,0.029097962,585.4701866,3.798898868,-0.230130916
1.255187209,0.029084877,585.4409572,3.798667237,-0.230221111
1.253586552,0.029071817,585.4112037,3.79843485,-0.23031159
1.251868354,0.029058782,585.3809312,3.798201706,-0.230402354
1.250106777,0.029045773,585.3501447,3.797967802,-0.230493402
1.248370522,0.02903279,585.3188493,3.797733139,-0.230584735
1.246720294,0.029019835,585.2870501,3.797497714,-0.230676355
1.245206646,0.029006907,585.2547525,3.797261527,-0.23076826
1.243868293,0.028994008,585.2219619,3.797024576,-0.230860452
1.242730969,0.028981137,585.1886836,3.796786859,-0.230952932
1.241806877,0.028968297,585.1549233,3.796548377,-0.231045699
1.241094741,0.028955486,585.1206864,3.796309127,-0.231138754
1.240580459,0.028942706,585.0859789,3.796069108,-0.231232098
1.24023832,0.028929958,585.0508063,3.795828318,-0.23132573
1.240032708,0.028917243,585.0151745,3.795586758,-0.231419653
1.239920227,0.02890456,584.9790895,3.795344425,-0.231513865
1.239852134,0.02889191,584.9425573,3.795101318,-0.231608368
1.239776964,0.028879295,584.9055839,3.794857435,-0.231703162
1.239643228,0.028866714,584.8681755,3.794612776,-0.231798248
1.239402058,0.028854169,584.8303383,3.79436734,-0.231893625
1.239009686,0.028841661,584.7920786,3.794121124,-0.231989295
1.238429633,0.028829189,584.7534028,3.793874129,-0.232085258
1.237634533,0.028816754,584.7143172,3.793626351,-0.232181514
1.236607498,0.028804358,584.6748286,3.793377791,-0.232278064
1.23534298,0.028792,584.6349432,3.793128447,-0.232374909
1.233847097,0.028779683,584.594668,3.792878318,-0.232472048
1.232137416,0.028767405,584.5540094,3.792627401,-0.232569483
1.23024221,0.028755168,584.5129744,3.792375697,-0.232667213
1.228199233,0.028742973,584.4715697,3.792123204,-0.23276524
1.226054082,0.02873082,584.4298023,3.79186992,-0.232863563
1.223858206,0.028718711,584.3876791,3.791615845,-0.232962184
1.22166668,0.028706645,584.3452072,3.791360976,-0.233061102
1.219535826,0.028694623,584.3023936,3.791105313,-0.233160319
1.217520802,0.028682647,584.2592455,3.790848855,-0.233259834
1.215673261,0.028670716,584.21577,3.790591599,-0.233359649
1.214039175,0.028658832,584.1719745,3.790333546,-0.233459763
1.21265693,0.028646995,584.1278663,3.790074692,-0.233560178
1.211555754,0.028635206,584.0834528,3.789815039,-0.233660893
1.21075456,0.028623466,584.0387413,3.789554583,-0.233761909
1.210261228,0.028611776,583.9937393,3.789293323,-0.233863227
1.210072363,0.028600135,583.9484545,3.789031259,-0.233964847
1.210173528,0.028588545,583.9028943,3.788768389,-0.234066769
1.210539934,0.028577007,583.8570664,3.788504712,-0.234168995
1.211137554,0.028565521,583.8109784,3.788240227,-0.234271524
1.211924601,0.028554089,583.7646382,3.787974931,-0.234374357
1.212853315,0.02854271,583.7180535,3.787708824,-0.234477495
1.213871963,0.028531386,583.6712321,3.787441905,-0.234580938
1.214926991,0.028520116,583.6241818,3.787174172,-0.234684686
1.21596521,0.028508903,583.5769106,3.786905624,-0.234788741
1.216935957,0.028497747,583.5294263,3.78663626,-0.234893102
1.217793119,0.028486648,583.4817371,3.786366078,-0.23499777
1.218496961,0.028475608,583.4338509,3.786095077,-0.235102745
1.219015682,0.028464627,583.3857758,3.785823256,-0.235208029
1.219326641,0.028453705,583.3375198,3.785550613,-0.235313621
1.21941722,0.028442844,583.2890911,3.785277147,-0.235419522
1.219285289,0.028432044,583.2404978,3.785002857,-0.235525732
1.218939256,0.028421306,583.1917482,3.784727742,-0.235632253
1.21839773,0.028410631,583.1428505,3.784451799,-0.235739084
1.217688784,0.02840002,583.0938129,3.784175029,-0.235846225
1.216848872,0.028389473,583.0446437,3.783897429,-0.235953679
1.215921438,0.028378991,582.9953512,3.783618998,-0.236061444
1.214955266,0.028368575,582.9459437,3.783339735,-0.236169522
1.214002635,0.028358226,582.8964296,3.783059639,-0.236277913
1.213117351,0.028347944,582.8468173,3.782778707,-0.236386617
1.212352721,0.02833773,582.7971152,3.78249694,-0.236495635
1.211759533,0.028327585,582.7473316,3.782214335,-0.236604968
1.211384132,0.02831751,582.6974751,3.781930892,-0.236714616
1.211266639,0.028307506,582.647554,3.781646609,-0.236824579
1.21143938,0.028297573,582.5975769,3.781361484,-0.236934858
1.211925586,0.028287712,582.5475521,3.781075516,-0.237045453
1.212738408,0.028277924,582.4974883,3.780788704,-0.237156366
1.213880266,0.02826821,582.4473938,3.780501047,-0.237267596
1.215342593,0.02825857,582.3972773,3.780212543,-0.237379144
1.217105948,0.028249005,582.3471471,3.779923191,-0.23749101
1.21914053,0.028239517,582.2970119,3.77963299,-0.237603195
1.221407064,0.028230105,582.2468801,3.779341938,-0.2377157
1.223858043,0.028220771,582.1967603,3.779050034,-0.237828525
1.226439283,0.028211516,582.146661,3.778757276,-0.23794167
1.229091752,0.028202339,582.0965907,3.778463664,-0.238055137
1.231753606,0.028193243,582.0465579,3.778169196,-0.238168924
1.234362366,0.028184228,581.9965712,3.77787387,-0.238283034
1.23685716,0.028175294,581.9466391,3.777577685,-0.238397467
1.239180949,0.028166442,581.8967701,3.77728064,-0.238512222
1.241282659,0.028157674,581.8469726,3.776982734,-0.238627301
1.243119124,0.02814899,581.7972551,3.776683965,-0.238742704
1.244656775,0.028140391,581.7476262,3.776384332,-0.238858431
1.245872993,0.028131877,581.6980942,3.776083833,-0.238974484
1.246757069,0.02812345,581.6486676,3.775782467,-0.239090862
1.247310718,0.02811511,581.5993548,3.775480233,-0.239207566
1.247548124,0.028106859,581.5501643,3.775177129,-0.239324597
1.247495488,0.028098696,581.5011044,3.774873155,-0.239441954
1.247190097,0.028090623,581.4521834,3.774568308,-0.23955964
1.246678931,0.02808264,581.4034096,3.774262587,-0.239677653
1.246016862,0.028074749,581.3547915,3.773955992,-0.239795995
1.245264507,0.02806695,581.3063372,3.77364852,-0.239914667
1.244485812,0.028059243,581.2580551,3.77334017,-0.240033668
1.243745476,0.028051631,581.2099532,3.773030941,-0.240152999
1.243106312,0.028044113,581.1620398,3.772720832,-0.240272661
1.242626658,0.02803669,581.1143231,3.772409841,-0.240392654
1.242357964,0.028029364,581.066811,3.772097966,-0.240512978
1.242342633,0.028022135,581.0195118,3.771785207,-0.240633635
1.242612257,0.028015003,580.9724334,3.771471562,-0.240754625
1.24318629,0.02800797,580.9255837,3.77115703,-0.240875948
1.244071246,0.028001037,580.8789708,3.770841609,-0.240997604
1.245260453,0.027994204,580.8326026,3.770525298,-0.241119595
1.246734384,0.027987472,580.7864867,3.770208095,-0.241241921
1.248461548,0.027980842,580.7406311,3.76989,-0.241364582
1.250399898,0.027974315,580.6950435,3.76957101,-0.241487579
1.252498707,0.027967891,580.6497315,3.769251125,-0.241610913
1.254700809,0.027961572,580.6047028,3.768930343,-0.241734583
1.256945115,0.027955357,580.5599649,3.768608662,-0.24185859
1.259169265,0.027949249,580.5155253,3.768286082,-0.241982936
1.261312321,0.027943248,580.4713915,3.767962601,-0.24210762
1.263317336,0.027937354,580.4275709,3.767638217,-0.242232643
1.265133713,0.027931569,580.3840707,3.767312929,-0.242358005
1.26671921,0.027925893,580.3408983,3.766986736,-0.242483708
1.268041527,0.027920327,580.2980607,3.766659636,-0.242609751
1.269079374,0.027914872,580.2555651,3.766331628,-0.242736135
1.269822998,0.027909528,580.2134186,3.766002711,-0.24286286
1.270274136,0.027904298,580.171628,3.765672883,-0.242989928
1.270445402,0.02789918,580.1302002,3.765342143,-0.243117339
1.270359163,0.027894177,580.089142,3.765010489,-0.243245092
1.270045952,0.027889289,580.0484602,3.76467792,-0.243373189
1.26954251,0.027884516,580.0081614,3.764344434,-0.243501631
1.268889573,0.02787986,579.9682521,3.764010031,-0.243630417
1.268129505,0.027875322,579.9287388,3.763674709,-0.243759548
1.267303924,0.027870902,579.8896279,3.763338466,-0.243889025
1.266451416,0.0278666,579.8509256,3.7630013,-0.244018849
1.265605481,0.027862419,579.8126381,3.762663212,-0.244149019
1.264792805,0.027858358,579.7747715,3.762324198,-0.244279537
1.264031933,0.027854419,579.7373318,3.761984259,-0.244410403
1.263332421,0.027850602,579.7003249,3.761643391,-0.244541617
1.262694495,0.027846909,579.6637567,3.761301595,-0.24467318
1.26210923,0.027843339,579.6276327,3.760958868,-0.244805092
1.261559219,0.027839894,579.5919586,3.760615209,-0.244937355
1.261019707,0.027836574,579.5567399,3.760270617,-0.245069968
1.260460097,0.027833381,579.5219819,3.75992509,-0.245202932
1.259845765,0.027830315,579.4876899,3.759578627,-0.245336248
1.259140058,0.027827376,579.4538691,3.759231227,-0.245469916
1.258306387,0.027824567,579.4205246,3.758882887,-0.245603937
1.257310284,0.027821887,579.3876611,3.758533607,-0.24573831
1.256121327,0.027819337,579.3552837,3.758183386,-0.245873038
1.254714833,0.027816918,579.3233969,3.757832221,-0.24600812
1.253073232,0.027814632,579.2920053,3.757480111,-0.246143557
1.251187064,0.027812478,579.2611133,3.757127055,-0.246279349
1.249055557,0.027810458,579.2307254,3.756773052,-0.246415497
1.246686772,0.027808571,579.2008457,3.7564181,-0.246552001
1.244097325,0.02780682,579.1714783,3.756062197,-0.246688863
1.241311711,0.027805205,579.1426271,3.755705343,-0.246826082
1.238361296,0.027803727,579.1142959,3.755347535,-0.246963659
1.235283038,0.027802386,579.0864885,3.754988773,-0.247101594
1.232118029,0.027801183,579.0592084,3.754629055,-0.247239889
1.228909933,0.027800119,579.032459,3.754268379,-0.247378544
1.225703437,0.027799195,579.0062435,3.753906744,-0.247517558
1.222542776,0.027798412,578.9805652,3.753544149,-0.247656934
1.219470425,0.02779777,578.9554269,3.753180592,-0.24779667
1.216526031,0.02779727,578.9308317,3.752816071,-0.247936769
1.213745604,0.027796913,578.9067821,3.752450586,-0.24807723
1.211161022,0.027796699,578.8832808,3.752084135,-0.248218053
1.208799841,0.027796631,578.8603302,3.751716716,-0.248359241
1.206685392,0.027796707,578.8379326,3.751348328,-0.248500792
1.204837141,0.027796929,578.81609,3.750978969,-0.248642708
1.203271246,0.027797298,578.7948045,3.750608639,-0.248784988
1.202001256,0.027797815,578.7740779,3.750237335,-0.248927635
1.20103887,0.02779848,578.7539119,3.749865056,-0.249070648
1.200394691,0.027799293,578.7343079,3.749491801,-0.249214027
1.20007888,0.027800257,578.7152674,3.749117568,-0.249357774
1.20010167,0.027801371,578.6967916,3.748742356,-0.249501888
1.200473651,0.027802637,578.6788814,3.748366163,-0.249646371
1.201205823,0.027804054,578.6615379,3.747988988,-0.249791223
1.20230936,0.027805625,578.6447617,3.74761083,-0.249936444
1.203795112,0.027807348,578.6285533,3.747231686,-0.250082036
1.205672851,0.027809226,578.6129132,3.746851556,-0.250227998
1.207950302,0.027811259,578.5978417,3.746470438,-0.250374331
1.210632025,0.027813448,578.5833388,3.746088331,-0.250521035
1.213718203,0.027815794,578.5694043,3.745705232,-0.250668112
1.217203442,0.027818296,578.5560381,3.745321141,-0.250815562
1.221075637,0.027820956,578.5432397,3.744936057,-0.250963385
1.225315025,0.027823776,578.5310085,3.744549977,-0.251111581
1.229893467,0.027826754,578.5193438,3.7441629,-0.251260153
1.234774061,0.027829893,578.5082446,3.743774825,-0.251409099
1.23991111,0.027833192,578.4977098,3.74338575,-0.251558421
1.245250492,0.027836653,578.4877381,3.742995674,-0.251708119
1.250730439,0.027840276,578.4783281,3.742604596,-0.251858193
1.256282714,0.027844062,578.4694781,3.742212513,-0.252008645
1.261834139,0.027848012,578.4611864,3.741819425,-0.252159474
1.267308437,0.027852126,578.4534508,3.741425329,-0.252310682
1.272628293,0.027856405,578.4462694,3.741030225,-0.252462268
1.277717557,0.02786085,578.4396397,3.740634111,-0.252614234
1.282503489,0.027865462,578.4335593,3.740236985,-0.25276658
1.286918942,0.02787024,578.4280255,3.739838846,-0.252919307
1.290904374,0.027875187,578.4230353,3.739439693,-0.253072415
1.294409621,0.027880302,578.4185858,3.739039523,-0.253225904
1.297395322,0.027885586,578.4146737,3.738638336,-0.253379775
1.299833956,0.02789104,578.4112956,3.73823613,-0.25353403
1.30171043,0.027896664,578.408448,3.737832904,-0.253688667
1.303022223,0.02790246,578.406127,3.737428656,-0.253843689
1.30377906,0.027908428,578.4043288,3.737023384,-0.253999095
1.30400217,0.027914568,578.4030492,3.736617087,-0.254154886
1.303723156,0.027920882,578.4022839,3.736209763,-0.254311062
1.302982556,0.027927369,578.4020285,3.735801412,-0.254467625
1.301828167,0.027934031,578.4022781,3.735392031,-0.254624574
1.300313217,0.027940868,578.4030281,3.73498162,-0.254781911
1.298494491,0.027947881,578.4042734,3.734570175,-0.254939635
1.296430477,0.02795507,578.4060088,3.734157697,-0.255097748
1.294179641,0.027962437,578.4082288,3.733744183,-0.25525625
1.291798883,0.027969981,578.410928,3.733329633,-0.255415141
1.289342233,0.027977704,578.4141006,3.732914043,-0.255574423
1.286859838,0.027985605,578.4177406,3.732497414,-0.255734095
1.284397245,0.027993687,578.421842,3.732079743,-0.255894158
1.281994982,0.028001948,578.4263984,3.73166103,-0.256054613
1.279688427,0.02801039,578.4314034,3.731241271,-0.256215461
1.277507917,0.028019014,578.4368504,3.730820467,-0.256376701
1.275479062,0.02802782,578.4427324,3.730398615,-0.256538335
1.273623189,0.028036809,578.4490427,3.729975714,-0.256700363
1.271957875,0.028045981,578.4557738,3.729551762,-0.256862786
1.270497485,0.028055337,578.4629186,3.729126759,-0.257025604
1.269253667,0.028064877,578.4704694,3.728700701,-0.257188818
1.268235752,0.028074603,578.4784186,3.728273588,-0.257352428
1.267451015,0.028084514,578.4867583,3.727845419,-0.257516435
1.266904776,0.028094611,578.4954805,3.727416192,-0.257680839
1.266600325,0.028104895,578.5045769,3.726985904,-0.257845642
1.266538683,0.028115367,578.5140391,3.726554556,-0.258010843
1.26671822,0.028126027,578.5238585,3.726122144,-0.258176443
1.267134158,0.028136875,578.5340265,3.725688669,-0.258342443
1.267778013,0.028147912,578.5445341,3.725254127,-0.258508844
1.268637027,0.028159139,578.5553723,3.724818518,-0.258675646
1.269693655,0.028170556,578.5665318,3.72438184,-0.258842849
1.27092515,0.028182164,578.5780032,3.723944092,-0.259010454
1.272303315,0.028193963,578.589777,3.723505271,-0.259178462
1.273794468,0.028205954,578.6018434,3.723065378,-0.259346873
1.275359643,0.028218137,578.6141925,3.722624408,-0.259515688
1.276955057,0.028230513,578.6268143,3.722182363,-0.259684907
1.278532857,0.028243083,578.6396985,3.721739239,-0.259854531
1.28004211,0.028255846,578.6528349,3.721295035,-0.260024561
1.281430044,0.028268804,578.6662128,3.720849751,-0.260194997
1.282643469,0.028281957,578.6798217,3.720403383,-0.26036584
1.283630339,0.028295306,578.6936506,3.719955931,-0.26053709
1.284341385,0.02830885,578.7076886,3.719507393,-0.260708748
1.284731757,0.028322591,578.7219246,3.719057768,-0.260880815
1.284762585,0.028336529,578.7363472,3.718607054,-0.26105329
1.284402409,0.028350664,578.7509451,3.718155249,-0.261226175
1.283628393,0.028364998,578.7657067,3.717702352,-0.261399471
1.282427279,0.028379529,578.7806203,3.717248361,-0.261573177
1.280796028,0.02839426,578.795674,3.716793275,-0.261747294
1.278742127,0.028409189,578.8108559,3.716337092,-0.261921824
1.276283532,0.028424319,578.8261537,3.715879811,-0.262096766
1.273448265,0.028439649,578.8415553,3.715421431,-0.262272121
1.270273676,0.02845518,578.8570483,3.714961948,-0.26244789
1.266805399,0.028470912,578.8726201,3.714501363,-0.262624074
1.263096057,0.028486845,578.8882581,3.714039673,-0.262800672
1.259203766,0.028502981,578.9039495,3.713576876,-0.262977686
1.255190505,0.028519319,578.9196814,3.713112972,-0.263155116
1.251120424,0.028535859,578.9354408,3.712647959,-0.263332962
1.247058146,0.028552604,578.9512146,3.712181835,-0.263511226
1.243067147,0.028569552,578.9669894,3.711714598,-0.263689908
1.239208255,0.028586704,578.9827519,3.711246248,-0.263869008
1.23553833,0.028604061,578.9984887,3.710776782,-0.264048527
1.232109163,0.028621622,579.0141861,3.710306198,-0.264228466
1.228966614,0.02863939,579.0298304,3.709834496,-0.264408825
1.226150007,0.028657362,579.0454078,3.709361674,-0.264589604
1.223691782,0.028675541,579.0609045,3.708887729,-0.264770806
1.221617387,0.028693927,579.0763063,3.708412661,-0.264952429
1.219945386,0.02871252,579.0915993,3.707936468,-0.265134474
1.218687748,0.028731319,579.1067691,3.707459149,-0.265316943
1.217850281,0.028750327,579.1218016,3.706980701,-0.265499836
1.217433156,0.028769542,579.1366823,3.706501123,-0.265683153
1.217431476,0.028788966,579.1513968,3.706020414,-0.265866895
1.217835853,0.028808599,579.1659305,3.705538572,-0.266051063
1.218632938,0.02882844,579.1802687,3.705055595,-0.266235657
1.219805882,0.028848491,579.1943969,3.704571482,-0.266420678
1.22133469,0.028868752,579.2083002,3.704086232,-0.266606126
1.223196464,0.028889223,579.2219637,3.703599841,-0.266792002
1.225365522,0.028909904,579.2353725,3.70311231,-0.266978306
1.227813406,0.028930796,579.2485117,3.702623637,-0.26716504
1.23050879,0.028951899,579.2613662,3.702133819,-0.267352203
1.23341732,0.028973213,579.2739209,3.701642855,-0.267539797
1.236501426,0.028994739,579.2861607,3.701150744,-0.267727822
1.239720129,0.029016477,579.2980702,3.700657484,-0.267916278
1.243028912,0.029038427,579.3096343,3.700163073,-0.268105167
1.246379671,0.02906059,579.3208376,3.699667511,-0.268294488
1.249720813,0.029082965,579.3316648,3.699170794,-0.268484242
1.252997516,0.029105553,579.3421004,3.698672922,-0.268674431
1.256152182,0.029128355,579.3521291,3.698173893,-0.268865054
1.259125114,0.02915137,579.3617353,3.697673705,-0.269056113
1.261855392,0.029174599,579.3709036,3.697172357,-0.269247607
1.26428197,0.029198042,579.3796184,3.696669847,-0.269439537
1.26634495,0.0292217,579.3878642,3.696166174,-0.269631905
1.267987003,0.029245572,579.3956254,3.695661335,-0.26982471
1.269154904,0.029269658,579.4028863,3.69515533,-0.270017953
1.2698011,0.02929396,579.4096315,3.694648156,-0.270211636
1.269885276,0.029318477,579.4158452,3.694139813,-0.270405757
1.269375837,0.02934321,579.4215119,3.693630298,-0.270600319
1.268251235,0.029368158,579.4266159,3.693119609,-0.270795321
1.266501097,0.029393322,579.4311415,3.692607746,-0.270990765
1.264127083,0.029418702,579.4350732,3.692094706,-0.27118665
1.261143417,0.029444298,579.4383952,3.691580489,-0.271382978
1.257577086,0.029470111,579.4410921,3.691065091,-0.271579749
1.253467643,0.02949614,579.4431482,3.690548512,-0.271776964
1.248866647,0.029522387,579.4445478,3.69003075,-0.271974623
1.243836722,0.02954885,579.4452755,3.689511804,-0.272172727
1.238450265,0.02957553,579.4453156,3.688991671,-0.272371277
