0.22,-0.3,340,-0.4,-1.44
0.22,-0.34,348,-0.4,-1.52
0.06,-0.34,348,-0.28,-1.48
0.02,-0.26,340,-0.24,-1.44
-0.02,-0.3,348,-0.12,-1.44
-0.06,-0.34,356,-0.04,-1.52
-0.14,-0.34,348,0,-1.44
-0.14,-0.34,356,0,-1.48
-0.06,-0.26,372,-0.04,-1.44
-0.02,-0.26,364,-0.04,-1.44
0.1,-0.34,372,-0.12,-1.4
0.06,-0.3,372,-0.16,-1.48
0.18,-0.3,372,-0.32,-1.48
0.18,-0.26,380,-0.4,-1.44
0.22,-0.34,372,-0.44,-1.44
0.14,-0.3,388,-0.28,-1.48
0.06,-0.34,380,-0.24,-1.44
-0.02,-0.34,388,-0.04,-1.44
-0.02,-0.34,388,-0.04,-1.48
-0.14,-0.34,380,0,-1.48
0.02,-0.3,396,-0.04,-1.48
-0.02,-0.34,396,-0.04,-1.48
0.06,-0.34,388,-0.12,-1.48
0.14,-0.34,396,-0.2,-1.44
0.18,-0.3,388,-0.4,-1.44
0.22,-0.3,396,-0.4,-1.44
0.18,-0.34,396,-0.4,-1.44
0.18,-0.3,404,-0.36,-1.44
0.06,-0.34,396,-0.16,-1.44
0.02,-0.26,404,-0.24,-1.44
-0.02,-0.34,404,-0.04,-1.44
-0.02,-0.3,412,-0.04,-1.48
-0.06,-0.34,412,-0.08,-1.44
0.14,-0.34,428,-0.08,-1.48
0.02,-0.34,412,-0.12,-1.44
0.14,-0.34,404,-0.24,-1.44
0.14,-0.3,404,-0.32,-1.44
0.26,-0.34,412,-0.48,-1.44
0.18,-0.3,420,-0.4,-1.44
0.1,-0.34,420,-0.32,-1.44
0.02,-0.38,404,-0.24,-1.44
-0.06,-0.3,420,-0.08,-1.44
-0.1,-0.34,420,-0.04,-1.44
0.06,-0.3,412,-0.08,-1.44
0.02,-0.34,420,-0.12,-1.52
0.06,-0.3,428,-0.24,-1.44
0.14,-0.34,420,-0.28,-1.52
0.18,-0.26,420,-0.4,-1.44
0.3,-0.34,444,-0.4,-1.4
0.22,-0.34,436,-0.44,-1.44
0.14,-0.34,436,-0.36,-1.44
0.06,-0.34,428,-0.28,-1.44
0.06,-0.34,444,-0.12,-1.44
0.02,-0.3,444,-0.08,-1.44
-0.02,-0.34,436,-0.04,-1.44
0.06,-0.34,444,-0.08,-1.44
0.02,-0.34,436,-0.16,-1.44
0.14,-0.26,444,-0.24,-1.4
0.14,-0.34,444,-0.28,-1.44
0.26,-0.26,452,-0.44,-1.44
0.14,-0.34,444,-0.32,-1.48
0.06,-0.34,452,-0.24,-1.52
-0.02,-0.34,452,-0.12,-1.48
-0.06,-0.3,452,-0.04,-1.44
0.02,-0.34,452,-0.04,-1.44
-0.02,-0.3,452,-0.08,-1.44
0.02,-0.34,452,-0.12,-1.44
0.1,-0.26,452,-0.32,-1.48
0.18,-0.34,444,-0.28,-1.44
0.18,-0.3,452,-0.32,-1.44
0.18,-0.34,460,-0.28,-1.44
0.06,-0.34,452,-0.24,-1.44
0.02,-0.34,452,-0.16,-1.44
-0.02,-0.3,452,-0.04,-1.44
-0.02,-0.3,452,-0.04,-1.52
0.02,-0.34,460,-0.08,-1.44
0.02,-0.3,452,-0.08,-1.48
0.02,-0.38,452,-0.16,-1.44
0.06,-0.26,460,-0.2,-1.48
0.18,-0.3,460,-0.32,-1.48
0.22,-0.26,452,-0.52,-1.48
0.18,-0.3,460,-0.32,-1.44
0.06,-0.34,460,-0.24,-1.44
0.02,-0.26,468,-0.2,-1.4
-0.06,-0.34,468,-0.08,-1.48
0.02,-0.34,468,-0.04,-1.44
-0.02,-0.26,460,-0.08,-1.48
0.1,-0.3,460,-0.2,-1.44
0.14,-0.34,476,-0.28,-1.44
0.22,-0.26,468,-0.36,-1.44
0.18,-0.3,468,-0.36,-1.44
0.22,-0.3,468,-0.36,-1.48
0.1,-0.3,484,-0.24,-1.44
0.02,-0.26,476,-0.2,-1.48
-0.02,-0.34,476,-0.08,-1.44
0.02,-0.34,476,-0.12,-1.44
0.02,-0.34,468,-0.12,-1.44
0.06,-0.26,476,-0.16,-1.48
0.06,-0.34,476,-0.24,-1.44
0.22,-0.3,484,-0.32,-1.48
0.26,-0.38,476,-0.44,-1.44
0.18,-0.3,492,-0.36,-1.44
0.06,-0.34,476,-0.24,-1.44
-0.02,-0.3,492,-0.16,-1.44
-0.06,-0.34,476,-0.08,-1.48
0.02,-0.3,476,-0.16,-1.44
0.02,-0.26,476,-0.16,-1.4
0.14,-0.34,476,-0.24,-1.48
0.14,-0.34,484,-0.36,-1.48
0.14,-0.26,484,-0.36,-1.44
0.22,-0.34,476,-0.44,-1.44
0.22,-0.34,492,-0.36,-1.44
0.1,-0.3,484,-0.28,-1.44
0.02,-0.3,484,-0.16,-1.48
0.02,-0.3,484,-0.16,-1.44
0.02,-0.3,492,-0.08,-1.48
0.06,-0.34,484,-0.12,-1.44
0.06,-0.34,484,-0.16,-1.44
0.14,-0.34,484,-0.28,-1.44
0.22,-0.3,492,-0.32,-1.48
0.14,-0.3,500,-0.4,-1.4
0.14,-0.3,492,-0.32,-1.48
0.02,-0.3,492,-0.16,-1.48
-0.02,-0.34,492,-0.08,-1.44
-0.02,-0.34,484,-0.12,-1.4
-0.02,-0.26,492,-0.12,-1.4
0.02,-0.3,500,-0.12,-1.48
0.1,-0.34,484,-0.24,-1.48
0.1,-0.34,500,-0.28,-1.48
0.14,-0.34,492,-0.36,-1.4
0.14,-0.3,508,-0.32,-1.48
0.1,-0.34,500,-0.24,-1.44
0.02,-0.3,500,-0.08,-1.48
0.02,-0.3,500,-0.04,-1.48
-0.06,-0.34,500,-0.04,-1.48
0.02,-0.3,508,-0.08,-1.44
0.02,-0.34,492,-0.16,-1.44
0.1,-0.3,508,-0.24,-1.44
0.18,-0.3,500,-0.32,-1.44
0.18,-0.3,508,-0.44,-1.48
0.18,-0.34,508,-0.36,-1.44
0.02,-0.3,516,-0.16,-1.44
-0.02,-0.34,508,-0.04,-1.48
-0.06,-0.26,508,-0.08,-1.44
0.02,-0.3,508,-0.16,-1.44
0.06,-0.3,508,-0.12,-1.44
0.14,-0.3,508,-0.32,-1.44
0.18,-0.22,508,-0.28,-1.48
0.18,-0.3,508,-0.48,-1.44
0.26,-0.3,508,-0.4,-1.44
0.06,-0.34,508,-0.24,-1.44
0.02,-0.34,508,-0.2,-1.48
-0.02,-0.34,500,-0.12,-1.44
0.02,-0.34,500,-0.16,-1.44
0.06,-0.34,516,-0.08,-1.44
0.06,-0.3,508,-0.24,-1.44
0.1,-0.34,508,-0.24,-1.44
0.22,-0.34,508,-0.44,-1.4
0.18,-0.34,508,-0.36,-1.48
0.1,-0.34,508,-0.32,-1.48
0.02,-0.34,508,-0.16,-1.48
0.02,-0.34,516,-0.04,-1.44
0.02,-0.34,508,-0.16,-1.44
0.06,-0.34,516,-0.2,-1.44
0.06,-0.3,524,-0.2,-1.44
0.22,-0.34,516,-0.4,-1.44
0.18,-0.34,500,-0.36,-1.44
0.22,-0.3,516,-0.48,-1.48
0.18,-0.3,516,-0.36,-1.48
0.06,-0.34,516,-0.28,-1.44
0.06,-0.3,524,-0.16,-1.4
0.02,-0.3,524,-0.24,-1.44
0.06,-0.34,516,-0.16,-1.44
0.02,-0.34,524,-0.16,-1.48
0.1,-0.3,516,-0.24,-1.48
0.1,-0.34,532,-0.32,-1.44
0.26,-0.34,524,-0.48,-1.48
0.14,-0.3,524,-0.28,-1.44
0.06,-0.3,524,-0.2,-1.44
-0.06,-0.3,524,-0.08,-1.44
-0.02,-0.34,524,-0.16,-1.4
0.02,-0.34,524,-0.08,-1.44
0.06,-0.34,516,-0.2,-1.44
0.14,-0.34,524,-0.24,-1.44
0.18,-0.34,532,-0.28,-1.48
0.18,-0.34,524,-0.4,-1.48
0.14,-0.3,516,-0.32,-1.48
0.06,-0.3,532,-0.24,-1.44
-0.14,-0.3,516,-0.24,-1.44
0.02,-0.3,524,-0.12,-1.48
0.02,-0.3,524,-0.12,-1.44
0.02,-0.34,516,-0.16,-1.44
0.14,-0.34,524,-0.2,-1.4
0.14,-0.3,532,-0.24,-1.44
0.26,-0.3,532,-0.48,-1.44
0.14,-0.34,532,-0.36,-1.48
0.14,-0.34,524,-0.28,-1.44
-0.02,-0.34,532,-0.12,-1.4
0.06,-0.26,548,-0.08,-1.44
0.02,-0.3,524,-0.08,-1.44
0.06,-0.34,532,-0.24,-1.48
0.1,-0.34,532,-0.24,-1.44
0.14,-0.3,532,-0.36,-1.48
0.22,-0.3,540,-0.36,-1.44
0.1,-0.3,532,-0.44,-1.48
0.1,-0.34,532,-0.28,-1.44
0.02,-0.3,532,-0.2,-1.48
0.02,-0.34,540,-0.16,-1.44
0.02,-0.34,548,-0.16,-1.44
0.06,-0.34,532,-0.16,-1.44
0.1,-0.3,540,-0.2,-1.48
0.14,-0.34,540,-0.32,-1.4
0.22,-0.3,540,-0.44,-1.44
0.14,-0.34,532,-0.32,-1.48
0.06,-0.34,540,-0.24,-1.48
0.02,-0.26,524,-0.12,-1.48
0.06,-0.3,532,-0.16,-1.44
0.02,-0.3,532,-0.16,-1.48
0.06,-0.34,540,-0.24,-1.44
0.14,-0.34,540,-0.28,-1.48
0.22,-0.34,532,-0.4,-1.44
0.22,-0.3,548,-0.4,-1.4
0.14,-0.3,532,-0.48,-1.44
0.1,-0.3,548,-0.32,-1.44
0.06,-0.3,540,-0.24,-1.52
0.06,-0.34,540,-0.16,-1.44
0.06,-0.34,548,-0.2,-1.44
0.06,-0.34,548,-0.2,-1.44
0.06,-0.3,540,-0.32,-1.44
0.14,-0.3,548,-0.32,-1.44
0.18,-0.3,548,-0.44,-1.48
0.18,-0.3,548,-0.28,-1.48
0.02,-0.34,548,-0.16,-1.44
0.06,-0.34,548,-0.04,-1.48
-0.02,-0.34,556,-0.12,-1.4
0.02,-0.3,548,-0.2,-1.48
0.14,-0.3,556,-0.2,-1.44
0.1,-0.34,556,-0.28,-1.48
0.22,-0.34,556,-0.32,-1.48
0.14,-0.3,548,-0.36,-1.44
0.1,-0.3,556,-0.24,-1.44
-0.02,-0.34,548,-0.12,-1.44
0.02,-0.34,548,-0.16,-1.48
0.18,-0.34,572,0,-1.44
0.02,-0.34,548,-0.16,-1.44
0.1,-0.34,548,-0.2,-1.48
0.1,-0.3,548,-0.28,-1.44
0.22,-0.34,548,-0.44,-1.48
0.1,-0.34,556,-0.36,-1.4
0.06,-0.3,548,-0.28,-1.44
-0.06,-0.34,548,-0.08,-1.44
0.1,-0.34,548,-0.16,-1.44
-0.02,-0.34,548,-0.08,-1.44
0.06,-0.3,556,-0.28,-1.44
0.14,-0.26,548,-0.24,-1.48
0.18,-0.3,556,-0.4,-1.44
0.22,-0.34,556,-0.4,-1.48
0.1,-0.34,548,-0.32,-1.44
0.06,-0.3,548,-0.32,-1.44
-0.02,-0.3,548,-0.12,-1.44
0.02,-0.34,556,-0.16,-1.44
0.06,-0.3,564,-0.16,-1.44
0.1,-0.34,564,-0.24,-1.44
0.1,-0.3,572,-0.32,-1.48
0.26,-0.34,572,-0.4,-1.48
0.14,-0.3,564,-0.4,-1.44
0.06,-0.26,564,-0.24,-1.44
-0.02,-0.3,556,-0.16,-1.44
0.06,-0.26,572,-0.16,-1.44
0.02,-0.3,564,-0.16,-1.52
0.14,-0.3,572,-0.24,-1.48
0.14,-0.3,572,-0.28,-1.44
0.18,-0.34,556,-0.44,-1.4
0.22,-0.3,564,-0.44,-1.44
0.1,-0.34,556,-0.4,-1.44
0.06,-0.34,580,-0.2,-1.48
0.02,-0.38,556,-0.24,-1.48
0.06,-0.3,572,-0.08,-1.48
0.1,-0.26,564,-0.16,-1.44
0.1,-0.34,564,-0.2,-1.44
0.14,-0.3,564,-0.28,-1.48
0.22,-0.3,556,-0.4,-1.48
0.14,-0.26,572,-0.36,-1.48
0.1,-0.3,564,-0.24,-1.44
0.02,-0.26,564,-0.12,-1.48
0.06,-0.3,572,-0.16,-1.4
-0.02,-0.34,564,-0.08,-1.44
0.06,1.3,572,-0.2,inf
0.14,1.54,572,-0.24,2.76
0.14,1.86,564,-0.32,2.28
0.18,1.86,564,-0.36,2.36
0.1,1.94,572,-0.28,2.4
0.06,1.94,564,-0.16,2.4
0.06,1.86,564,-0.12,2.4
0.02,1.9,564,-0.08,2.4
0.02,1.94,572,-0.2,2.4
0.02,1.82,572,-0.16,2.44
0.14,1.82,572,-0.28,2.4
0.34,1.78,596,-0.28,2.4
0.14,1.78,580,-0.36,2.4
0.1,1.82,580,-0.24,2.44
-0.02,1.78,572,-0.08,2.44
0.06,1.82,580,-0.2,2.44
0.02,1.74,580,-0.12,2.4
0.1,1.78,580,-0.28,2.4
0.18,1.78,572,-0.28,2.48
0.18,1.74,572,-0.4,2.48
0.26,1.74,596,-0.44,2.44
0.14,1.7,580,-0.28,2.44
0.06,1.74,588,-0.24,2.44
0.06,1.74,580,-0.2,2.48
0.02,1.74,580,-0.2,2.48
0.06,1.7,572,-0.24,2.48
0.14,1.7,572,-0.28,2.44
0.18,1.7,580,-0.36,2.52
0.18,1.7,580,-0.48,2.44
0.1,1.7,572,-0.36,2.48
0.1,1.7,588,-0.2,2.48
0.02,1.7,580,-0.16,2.44
0.1,1.7,580,-0.16,2.44
0.1,1.7,580,-0.2,2.52
0.14,1.7,580,-0.32,2.48
0.22,1.66,580,-0.36,2.48
0.22,1.7,580,-0.48,2.44
0.26,1.74,588,-0.48,2.48
0.1,1.7,588,-0.28,2.48
0.06,1.7,580,-0.24,2.48
0.1,1.66,604,-0.16,2.44
0.06,1.62,588,-0.24,2.44
0.02,1.66,588,-0.2,2.4
0.22,1.7,588,-0.32,2.44
0.18,1.7,596,-0.36,2.44
0.14,1.7,580,-0.44,2.4
0.02,1.74,572,-0.24,2.36
-0.02,1.7,588,-0.12,2.44
0.06,1.7,596,-0.16,2.4
0.02,1.7,596,-0.2,2.44
0.1,1.66,596,-0.2,2.36
0.14,1.7,588,-0.32,2.4
0.22,1.7,588,-0.32,2.44
0.06,1.74,580,-0.44,2.36
0.1,1.66,588,-0.24,2.4
-0.02,1.7,588,-0.16,2.36
0.02,1.66,588,-0.16,2.4
0.02,1.7,580,-0.16,2.4
0.02,1.66,580,-0.2,2.52
0.14,1.66,596,-0.28,2.48
0.18,1.58,580,-0.36,2.48
0.1,1.62,596,-0.44,2.44
0.14,1.58,604,-0.32,2.52
-0.06,1.58,580,-0.16,2.44
0.06,1.58,588,-0.16,2.56
-0.02,1.62,580,-0.16,2.56
0.14,1.5,604,-0.12,2.56
0.14,1.54,580,-0.32,2.56
0.18,1.58,604,-0.4,2.6
0.14,1.5,588,-0.44,2.56
0.14,1.54,604,-0.32,2.6
-0.02,1.5,604,-0.2,2.56
0.06,1.54,612,-0.2,2.6
0.06,1.5,604,-0.2,2.6
0.02,1.54,588,-0.24,2.6
0.14,1.46,596,-0.24,2.6
0.22,1.46,596,-0.44,2.56
0.22,1.46,604,-0.48,2.56
0.14,1.54,604,-0.28,2.56
-0.06,1.46,596,-0.2,2.64
0.02,1.54,604,-0.16,2.6
0.02,1.46,596,-0.24,2.6
0.06,1.54,588,-0.28,2.56
0.14,1.54,596,-0.36,2.6
0.14,1.54,596,-0.4,2.52
0.26,1.54,596,-0.48,2.56
0.14,1.54,596,-0.36,2.52
0.06,1.54,596,-0.24,2.52
0.02,1.54,604,-0.16,2.56
0.02,1.58,596,-0.2,2.48
0.06,1.54,604,-0.2,2.52
0.14,1.58,596,-0.28,2.44
0.14,1.58,604,-0.32,2.56
0.14,1.54,596,-0.44,2.52
0.06,1.54,596,-0.28,2.56
0.02,1.5,596,-0.16,2.56
-0.02,1.5,596,-0.2,2.56
0.06,1.46,604,-0.2,2.64
0.02,1.46,604,-0.2,2.64
0.14,1.42,612,-0.28,2.64
0.14,1.42,604,-0.32,2.68
0.14,1.38,604,-0.36,2.68
0.06,1.34,604,-0.28,2.72
0.02,1.38,604,-0.16,2.68
0.02,1.38,604,-0.24,2.68
0.06,1.38,604,-0.12,2.72
0.06,1.42,604,-0.24,2.76
0.1,1.38,604,-0.24,2.72
0.18,1.42,612,-0.32,2.76
0.18,1.42,612,-0.36,2.76
0.14,1.38,604,-0.32,2.72
-0.06,1.42,604,-0.16,2.72
0.06,1.46,604,-0.2,2.68
0.02,1.46,612,-0.16,2.72
0.1,1.42,604,-0.28,2.68
0.18,1.5,604,-0.28,2.68
0.18,1.42,604,-0.44,2.64
0.22,1.42,604,-0.44,2.68
0.06,1.46,604,-0.4,2.64
0.02,1.46,604,-0.16,2.68
0.02,1.46,596,-0.28,2.68
0.02,1.46,596,-0.24,2.72
0.1,1.46,588,-0.24,2.68
0.14,1.42,604,-0.28,2.72
0.18,1.34,596,-0.44,2.72
0.18,1.34,596,-0.48,2.8
0.1,1.3,604,-0.32,2.8
0.02,1.3,604,-0.16,2.8
0.06,1.26,612,-0.24,2.8
0.02,1.3,604,-0.2,2.84
0.14,1.3,604,-0.28,2.84
0.18,1.34,604,-0.36,2.8
0.18,1.3,604,-0.48,2.84
0.22,1.34,604,-0.48,2.8
0.1,1.34,604,-0.32,2.84
0.06,1.38,612,-0.24,2.76
0.06,1.34,620,-0.2,2.84
0.14,1.38,612,-0.24,2.76
0.06,1.42,620,-0.2,2.76
0.14,1.42,620,-0.28,2.68
0.18,1.42,612,-0.36,2.76
0.14,1.46,604,-0.44,2.64
0.02,1.46,612,-0.24,2.68
0.02,1.42,620,-0.16,2.64
0.02,1.3,612,-0.16,2.64
0.02,1.42,612,-0.16,2.68
0.14,1.42,612,-0.24,2.72
0.14,1.34,604,-0.36,2.76
0.18,1.38,620,-0.44,2.8
0.14,1.34,612,-0.32,2.76
0.02,1.34,628,-0.24,2.8
-0.02,1.3,604,-0.16,2.84
0.02,1.34,604,-0.16,2.84
0.06,1.34,612,-0.16,2.84
0.14,1.38,612,-0.16,2.84
0.14,1.34,612,-0.32,2.8
0.26,1.42,612,-0.48,2.84
0.14,1.38,612,-0.36,2.76
0.06,1.46,620,-0.24,2.76
0.06,1.42,628,-0.16,2.8
0.02,1.5,612,-0.24,2.72
0.02,1.42,620,-0.16,2.76
0.14,1.5,620,-0.36,2.68
0.18,1.46,628,-0.32,2.72
0.26,1.5,620,-0.52,2.68
0.14,1.42,620,-0.32,2.68
0.06,1.46,620,-0.24,2.64
0.1,1.42,620,-0.2,2.76
0.02,1.42,628,-0.16,2.72
0.06,1.38,620,-0.24,2.76
0.14,1.34,628,-0.32,2.8
0.26,1.34,636,-0.4,2.88
0.18,1.34,628,-0.44,2.84
0.1,1.3,612,-0.36,2.84
0.02,1.42,620,-0.24,2.84
0.02,1.34,612,-0.28,2.92
0.06,1.3,628,-0.24,2.84
0.1,1.34,620,-0.28,2.88
0.22,1.38,628,-0.44,2.8
0.22,1.38,612,-0.4,2.84
0.26,1.42,620,-0.52,2.72
0.1,1.42,612,-0.4,2.76
0.06,1.42,620,-0.32,2.68
0.02,1.38,620,-0.24,2.76
0.1,1.42,620,-0.2,2.72
0.06,1.42,620,-0.24,2.72
0.14,1.42,636,-0.36,2.76
0.18,1.38,628,-0.44,2.8
0.14,1.42,620,-0.36,2.84
0.02,1.38,628,-0.2,2.84
0.02,1.34,628,-0.2,2.84
-0.02,1.3,620,-0.12,2.84
0.02,1.3,636,-0.16,2.84
0.18,1.26,628,-0.32,2.92
0.14,1.34,628,-0.32,2.88
0.14,1.34,620,-0.44,2.88
0.06,1.38,628,-0.28,2.84
0.02,1.34,636,-0.2,2.88
0.02,1.42,628,-0.24,2.84
0.06,1.34,628,-0.12,2.84
0.02,1.42,628,-0.24,2.76
0.1,1.42,628,-0.32,2.8
0.18,1.46,628,-0.4,2.76
0.18,1.38,620,-0.4,2.76
0.06,1.42,620,-0.2,2.76
0.02,1.38,636,-0.12,2.8
-0.02,1.42,620,-0.16,2.76
0.06,1.34,628,-0.2,2.88
0.06,1.34,628,-0.28,2.88
0.18,1.3,620,-0.36,2.96
0.18,1.34,628,-0.44,2.92
0.18,1.34,628,-0.48,3
0.02,1.34,628,-0.24,2.92
0.06,1.38,628,-0.24,3
0.02,1.34,628,-0.16,2.96
0.14,1.42,636,-0.28,2.92
0.1,1.34,636,-0.24,2.92
0.18,1.42,636,-0.4,2.84
0.18,1.38,644,-0.44,2.88
0.06,1.46,636,-0.36,2.8
0.06,1.46,644,-0.2,2.88
0.06,1.42,636,-0.32,2.76
0.06,1.38,644,-0.2,2.84
0.1,1.42,644,-0.32,2.84
0.14,1.34,636,-0.36,2.88
0.18,1.38,644,-0.48,2.96
0.14,1.3,644,-0.4,3
0.1,1.26,644,-0.32,2.96
0.06,1.34,644,-0.24,3.04
0.06,1.3,644,-0.24,3.04
0.06,1.3,644,-0.24,3.04
0.06,1.3,636,-0.28,3.04
0.14,1.3,636,-0.36,2.96
0.14,1.3,636,-0.48,3.04
0.02,1.34,628,-0.48,3.04
-0.02,1.38,628,-0.2,3
0.02,1.34,636,-0.24,2.92
0.02,1.34,636,-0.12,2.92
0.1,1.34,628,-0.28,2.96
0.14,1.34,644,-0.32,2.96
0.18,1.34,644,-0.4,2.96
0.1,1.34,636,-0.4,3
0.02,1.26,644,-0.24,3.08
0.02,1.26,652,-0.16,3.04
-0.02,1.26,636,-0.2,3.16
0.02,1.3,644,-0.24,3.12
0.14,1.22,644,-0.28,3.08
0.14,1.26,652,-0.28,3.04
0.22,1.3,644,-0.48,3.08
0.1,1.3,652,-0.32,3.04
0.02,1.42,644,-0.2,3.04
0.02,1.34,660,-0.2,2.96
0.02,1.42,652,-0.28,2.96
0.06,1.34,652,-0.2,2.92
0.18,1.34,652,-0.44,2.96
0.18,1.58,652,-0.36,3.12
0.18,1.42,652,-0.48,2.96
0.14,1.34,644,-0.32,3
0.06,1.34,652,-0.24,3.04
0.06,1.3,644,-0.28,3.04
0.06,1.3,644,-0.24,3.08
0.14,1.3,644,-0.28,3
0.18,1.34,660,-0.32,3.12
0.26,1.3,652,-0.44,3.04
0.14,1.38,652,-0.36,3.04
0.02,1.34,636,-0.2,3
0.06,1.42,644,-0.24,3
0.06,1.34,644,-0.24,2.92
0.14,1.46,660,-0.36,2.88
0.18,1.42,660,-0.32,2.88
0.22,1.46,644,-0.48,2.88
0.26,1.38,668,-0.48,3
0.14,1.42,652,-0.36,2.92
0.06,1.34,668,-0.24,3.04
0.1,1.34,660,-0.24,3.04
0.1,1.3,660,-0.28,3.12
0.14,1.34,644,-0.36,3.08
0.18,1.34,652,-0.36,3.12
0.18,1.34,660,-0.44,3.12
0.14,1.34,668,-0.36,3.16
0.02,1.34,652,-0.16,3.04
0.02,1.38,668,-0.16,3.04
0.02,1.38,660,-0.2,2.96
0.1,1.42,652,-0.24,2.96
0.1,1.42,660,-0.36,3
0.18,1.42,652,-0.44,2.96
0.1,1.42,652,-0.32,2.96
-0.02,1.42,660,-0.2,3.04
0.06,1.42,652,-0.24,3
0.02,1.38,652,-0.2,3.16
0.06,1.42,652,-0.24,3.16
0.14,1.34,652,-0.32,3.08
0.26,1.3,660,-0.4,3.08
0.18,1.34,652,-0.44,3.04
0.06,1.34,652,-0.32,3.12
0.02,1.34,652,-0.16,3.04
0.02,1.42,660,-0.24,3.04
0.06,1.38,660,-0.16,3
0.18,1.42,660,-0.36,2.96
0.18,1.42,652,-0.36,3
0.22,1.42,660,-0.56,2.96
0.1,1.42,668,-0.4,3
0.02,1.38,660,-0.2,3.04
0.06,1.3,660,-0.24,3.16
0.02,1.34,660,-0.28,3.12
0.1,1.3,660,-0.32,3.2
0.1,1.3,668,-0.36,3.12
0.22,1.26,660,-0.48,3.2
0.14,1.38,668,-0.36,3.16
-0.02,1.26,668,-0.24,3.12
0.1,1.38,660,-0.28,3.04
0.02,1.34,660,-0.2,3.08
0.06,1.34,660,-0.32,3.04
0.14,1.34,652,-0.4,3.04
0.22,1.38,660,-0.48,3.04
0.22,1.3,668,-0.52,3.12
0.1,1.3,652,-0.36,3.08
0.02,1.34,668,-0.2,3.16
0.14,1.3,676,-0.2,3.2
0.06,1.22,660,-0.24,3.2
0.14,1.26,660,-0.24,3.28
0.14,1.3,652,-0.36,3.2
0.18,1.22,660,-0.48,3.2
0.06,1.34,660,-0.28,3.2
0.02,1.34,660,-0.2,3.2
0.02,1.34,652,-0.2,3.08
0.02,1.26,668,-0.24,3.08
0.06,1.34,668,-0.28,3.12
0.14,1.34,676,-0.36,3.04
0.14,1.3,660,-0.4,3.16
0.1,1.3,668,-0.36,3.2
0.02,1.3,668,-0.16,3.32
0.06,1.26,668,-0.24,3.32
0.02,1.22,668,-0.2,3.32
0.14,1.18,668,-0.28,3.28
0.1,1.26,668,-0.24,3.28
0.26,1.3,668,-0.48,3.24
0.14,1.3,668,-0.36,3.28
0.02,1.34,660,-0.28,3.12
0.02,1.34,676,-0.16,3.2
0.02,1.42,668,-0.2,3.08
0.06,1.34,660,-0.2,3.2
0.14,1.38,652,-0.36,3.12
0.18,1.34,660,-0.44,3.24
0.14,1.3,660,-0.44,3.2
0.06,1.3,660,-0.44,3.32
0.06,1.26,652,-0.24,3.2
0.06,1.3,668,-0.24,3.28
0.06,1.34,660,-0.24,3.2
0.1,1.3,660,-0.32,3.32
0.18,1.38,668,-0.36,3.16
0.18,1.34,668,-0.52,3.16
0.14,1.38,660,-0.4,3.08
0.02,1.42,668,-0.28,3.16
0.06,1.38,668,-0.32,3.12
0.06,1.42,668,-0.24,3.12
0.1,1.34,676,-0.28,3.16
0.18,1.34,668,-0.44,3.16
0.22,1.3,676,-0.44,3.2
0.14,1.34,668,-0.48,3.28
0.14,1.26,668,-0.36,3.24
0.06,1.3,668,-0.28,3.2
0.06,1.26,660,-0.24,3.24
0.02,1.34,676,-0.28,3.2
0.14,1.34,676,-0.32,3.16
0.18,1.38,676,-0.48,3.12
0.18,1.34,668,-0.4,3.08
0.06,1.34,676,-0.24,3.04
0.06,1.42,676,-0.16,3.2
-0.02,1.34,668,-0.28,3.24
0.06,1.3,668,-0.2,3.28
0.14,1.3,668,-0.36,3.32
0.18,1.3,668,-0.4,3.24
0.14,1.26,676,-0.48,3.28
0.1,1.3,668,-0.28,3.28
-0.02,1.34,660,-0.2,3.28
0.02,1.34,660,-0.2,3.2
0.02,1.38,668,-0.24,3.2
0.1,1.38,668,-0.28,3.16
0.14,1.46,668,-0.4,3.16
0.26,1.38,660,-0.56,3.16
0.14,1.34,676,-0.36,3.16
0.02,1.26,676,-0.24,3.32
0.02,1.26,676,-0.24,3.24
0.06,1.26,676,-0.2,3.32
0.06,1.3,676,-0.32,3.36
0.14,1.34,676,-0.36,3.32
0.22,1.3,684,-0.44,3.24
0.14,1.34,676,-0.44,3.24
0.02,1.46,684,-0.24,3.32
0.1,1.42,676,-0.28,3.16
0.06,1.34,684,-0.24,3.2
0.18,1.34,684,-0.24,3.12
0.14,1.3,676,-0.36,3.28
0.26,1.3,676,-0.52,3.32
0.14,1.3,676,-0.36,3.4
0.06,1.26,668,-0.28,3.36
0.06,1.22,684,-0.2,3.4
0.06,1.34,676,-0.28,3.44
0.06,1.22,676,-0.32,3.36
0.14,1.3,676,-0.36,3.36
0.26,1.3,676,-0.52,3.32
0.18,1.34,660,-0.56,3.2
0.14,1.3,676,-0.4,3.32
0.06,1.3,676,-0.24,3.28
0.02,1.3,676,-0.32,3.32
0.06,1.22,684,-0.28,3.32
0.14,1.18,676,-0.36,3.4
0.22,1.22,668,-0.4,3.48
0.14,1.18,676,-0.48,3.44
0.1,1.3,676,-0.32,3.4
0.02,1.22,684,-0.2,3.48
0.02,1.3,676,-0.2,3.32
0.02,1.3,676,-0.2,3.32
0.18,1.38,692,-0.32,3.28
0.18,1.3,684,-0.36,3.28
0.18,1.34,676,-0.4,3.24
0.02,1.3,684,-0.28,3.36
0.06,1.3,684,-0.2,3.32
0.02,1.26,676,-0.2,3.44
0.02,1.3,676,-0.2,3.32
0.02,1.34,684,-0.28,3.4
0.14,1.3,684,-0.36,3.32
0.14,1.34,676,-0.52,3.32
0.14,1.34,684,-0.32,3.36
-0.06,1.42,676,-0.16,3.16
0.06,1.3,684,-0.28,3.24
0.02,1.34,684,-0.2,3.2
0.14,1.38,676,-0.36,3.28
0.18,1.3,684,-0.4,3.28
0.22,1.3,684,-0.48,3.44
0.26,1.3,684,-0.4,3.4
-0.02,1.3,676,-0.24,3.44
0.02,1.34,676,-0.32,3.4
0.06,1.3,684,-0.2,3.4
0.1,1.42,684,-0.32,3.28
0.14,1.38,692,-0.36,3.32
0.26,1.42,700,-0.52,3.24
0.18,1.42,692,-0.36,3.24
0.02,1.38,684,-0.28,3.28
0.06,1.34,684,-0.28,3.28
0.06,1.3,700,-0.28,3.36
0.1,1.26,684,-0.32,3.4
0.14,1.26,692,-0.48,3.44
0.26,1.3,692,-0.48,3.36
0.1,1.3,692,-0.44,3.4
0.06,1.34,684,-0.4,3.32
0.06,1.38,692,-0.28,3.32
0.06,1.38,676,-0.24,3.24
0.06,1.34,676,-0.24,3.32
0.14,1.38,684,-0.36,3.24
0.26,1.34,692,-0.44,3.32
0.14,1.26,684,-0.36,3.44
0.02,1.34,684,-0.28,3.36
-0.02,1.22,676,-0.24,3.48
0.06,1.3,684,-0.24,3.44
0.06,1.3,676,-0.28,3.48
0.14,1.38,684,-0.4,3.36
0.18,1.3,692,-0.44,3.36
0.1,1.42,684,-0.4,3.28
0.06,1.34,684,-0.28,3.32
0.02,1.38,684,-0.24,3.36
0.06,1.34,684,-0.2,3.4
0.02,1.3,692,-0.28,3.36
0.14,1.26,692,-0.36,3.52
0.18,1.26,692,-0.48,3.52
0.1,1.26,692,-0.48,3.52
0.06,1.26,692,-0.2,3.56
0.1,1.3,692,-0.28,3.48
0.02,1.3,700,-0.2,3.44
0.06,1.38,700,-0.32,3.4
0.14,1.46,692,-0.32,3.44
0.18,1.38,700,-0.48,3.4
0.18,1.34,692,-0.48,3.48
0.02,1.3,684,-0.24,3.52
0.1,1.26,692,-0.36,3.6
0.02,1.26,700,-0.28,3.52
0.06,1.3,692,-0.32,3.56
0.14,1.3,700,-0.36,3.52
0.26,1.3,692,-0.52,3.52
0.14,1.34,684,-0.44,3.4
0.02,1.34,692,-0.36,3.44
0.1,1.42,700,-0.28,3.36
0.1,1.34,700,-0.32,3.48
0.14,1.34,684,-0.32,3.44
0.18,1.26,684,-0.44,3.52
0.22,1.34,700,-0.52,3.52
0.22,1.26,708,-0.44,3.56
0.1,1.34,700,-0.44,3.48
0.1,1.3,700,-0.28,3.52
0.02,1.34,700,-0.32,3.36
0.1,1.42,708,-0.32,3.48
0.14,1.42,700,-0.32,3.32
0.22,1.42,708,-0.52,3.36
0.1,1.38,700,-0.44,3.32
-0.02,1.34,700,-0.28,3.44
0.06,1.34,700,-0.2,3.48
0.02,1.3,700,-0.24,3.52
0.14,1.34,700,-0.28,3.52
0.1,1.3,700,-0.4,3.48
0.18,1.34,692,-0.48,3.4
0.1,1.38,700,-0.36,3.44
0.02,1.46,708,-0.28,3.36
-0.02,1.42,692,-0.24,3.36
0.02,1.42,700,-0.24,3.36
0.06,1.38,692,-0.28,3.4
0.14,1.34,700,-0.4,3.48
0.18,1.26,700,-0.52,3.52
0.14,1.34,700,-0.52,3.52
0.02,1.34,700,-0.2,3.52
0.02,1.34,700,-0.32,3.48
0.02,1.34,700,-0.2,3.48
0.14,1.42,700,-0.4,3.36
