0.030282959,-0.107475859
-0.03679896,-0.157143505
0.029677826,0.122575407
0.025446792,0.371463436
0.143947706,0.578173131
0.183082864,0.777406679
0.158493727,0.983294438
0.171305197,0.850006111
0.207896454,1.097051493
0.078541241,1.068018955
0.203388259,1.344167897
0.132571309,1.357906779
0.022439966,1.460351891
0.047790676,1.553481104
0.185693637,1.629426353
0.116933333,1.894638844
0.190301754,2.120091285
0.208180132,2.239567544
0.170781842,2.281757795
0.257016685,2.31937828
0.195926624,2.612994121
0.281542304,2.861591882
0.306121227,3.035907448
0.274915546,3.15998751
0.377088597,3.265318764
0.406119792,3.341356044
0.372646123,3.405358146
0.470148527,3.460368814
0.493699126,3.516816065
0.456946461,3.586806891
0.372392394,3.679854528
0.430626229,3.762725471
0.430169715,3.874922415
0.385548619,4.022771926
0.482670281,4.148711522
0.407229465,4.020591364
0.292436607,3.994650371
0.318702513,3.981290501
0.302406368,4.057863121
0.417791353,4.123145831
0.336636996,4.372963644
0.411672357,4.586837857
0.444978001,4.692014999
0.43427199,4.716347505
0.379229984,4.683502936
0.458669536,4.660262156
0.471170618,4.595884087
0.548061416,4.85425382
0.57606574,5.03860009
0.558736803,5.171926782
0.50049147,5.273432483
0.589935223,5.361848443
0.618516969,5.43350573
0.596115726,5.502557616
0.498717222,5.264138085
0.578522806,5.386926864
0.604470077,5.517319835
0.517194614,5.354842876
0.564885736,5.225407805
0.647268914,5.472688247
0.583876014,5.435466776
0.490383229,5.477621651
0.547207629,5.519205522
0.565610967,5.632609602
0.561048791,5.814843126
0.54237878,5.879001481
0.501007274,5.852522576
0.598922531,5.833665228
0.642723515,5.743311526
0.528021921,5.903670936
0.577687609,6.045115414
0.586420147,6.112701045
0.554816561,6.128691734
0.484762704,6.111877007
0.560959316,6.103273892
0.576749135,6.073289704
0.54003191,6.036769482
0.64215171,6.009107028
0.676780366,5.982978579
0.655468698,5.969755953
0.588905123,5.978494305
0.668767748,5.990137793
0.690265687,6.027300552
0.666602555,6.096710256
0.60967024,6.203341188
0.705529049,6.295846482
0.755357546,6.427636253
0.653892173,6.306948924
0.530657085,6.288488795
0.563375813,6.281883524
0.565736167,6.363172815
0.549227103,6.342357542
0.670977235,6.326563983
0.60984036,6.519309034
0.539565425,6.615288389
0.626168676,6.700570371
0.667990723,6.711088982
0.665622822,6.669166196
0.620929725,6.593677736
0.717331884,6.533954195
0.750168326,6.451071229
0.694311552,6.676558719
0.639056565,6.53874313
0.714754882,6.745665277
0.742468494,6.597618363
0.729256546,6.799926848
0.658473537,6.6700595
0.548258663,6.591783057
0.589858386,6.534606639
0.579684126,6.524157187
0.531198029,6.563274355
0.631824818,6.599785456
0.683610902,6.684339585
0.7011743,6.818752027
0.697376617,7.003709335
0.707610119,6.872503692
0.686850163,6.850016666
0.648359922,6.743144436
0.605360984,6.940602797
0.556962294,7.03203362
0.49461349,7.042696737
0.585102038,7.057029688
0.628420665,7.00786892
0.62586375,6.915740693
0.579819283,6.798001353
0.614484444,7.016101138
0.664894121,6.85410893
0.620117168,7.012353929
0.552031722,7.135064167
0.654757949,6.924789994
0.687962054,7.063319652
0.683770387,7.186063866
0.619155138,6.988950541
0.693889948,6.829612624
0.760179081,7.03666981
0.724542521,6.932102049
0.651569322,6.893140592
0.553556524,6.918861742
0.614973198,6.947649998
0.638543526,7.034983319
0.63798728,7.180314252
0.650829541,7.015988659
0.630860329,6.965726177
0.752672818,6.925548633
0.684524055,7.08288714
0.614216394,7.141478683
0.532880734,7.125298355
0.606949755,7.118377793
0.636219512,7.051871718
0.621706021,6.945606942
0.671205146,7.168043421
0.751054116,7.002930298
0.719277989,7.146463555
0.663334326,7.247633377
0.584420804,7.322964754
0.668274224,7.391860725
0.701199445,7.127715504
0.686651912,7.232468114
0.614299,7.020571804
0.723726889,7.164901503
0.733432908,6.995291271
0.693274364,6.891584081
0.617017621,6.853474966
0.516783408,6.879998288
0.576791938,6.909847371
0.599746411,6.998053859
0.599260392,7.144063882
0.613252821,6.980235255
0.594775246,6.930232716
0.718232786,6.890396606
0.652189216,7.048069857
0.584368027,7.106973121
0.675324123,7.161308838
0.726412081,7.137209614
0.736539536,7.057132421
0.706160567,6.940172969
0.742707198,7.154273212
0.751429563,7.294839296
0.731759866,7.383401171
0.684589654,7.438120365
0.61192155,7.474251534
0.709491885,7.192112508
0.736072331,7.270601493
0.725205235,7.343300746
0.654691182,7.104491391
0.58365368,7.250108985
0.624662379,7.063608886
0.610374621,6.944736451
0.555513809,6.893120641
0.473001427,6.907707623
0.547835503,6.9267651
0.583140988,7.005535621
0.593001014,7.14335829
0.615020225,6.972448754
0.603342366,6.916442964
0.576822897,7.148338755
0.551082169,7.260553049
0.515451998,7.280038883
0.632415968,7.299997092
0.704149399,7.246279523
0.730631431,7.140802311
0.713199687,7.002168912
0.581974977,7.155879533
0.627840804,7.293490687
0.639386103,7.378498559
0.618511428,7.429395821
0.568079083,7.461674171
0.683727495,7.175111759
0.726546623,7.249538186
0.729655183,7.318529874
0.670338237,7.076483735
0.610177441,7.21917186
0.659650681,7.029503159
0.653048319,6.907942856
0.605325886,6.854052481
0.529596911,6.8667043
0.610524176,6.883307501
0.651833965,6.959942084
0.667720136,7.095853047
0.529530275,7.004475408
0.552440783,6.938816518
0.556711103,7.161705643
0.556655963,7.265542229
0.542462855,7.277362073
0.507428457,7.220488932
0.620127008,7.176877152
0.681410667,7.07868314
0.693547194,6.945201825
0.589783431,7.103011664
0.659238338,7.2421166
0.690917714,7.327747974
0.68727798,7.378673965
0.651659954,7.410597073
0.588043616,7.436584852
0.677459225,7.145511068
0.714518708,7.2261533
0.714546817,7.30955269
0.639838885,7.090445278
0.527647219,6.947107141
0.568887618,6.836435078
0.562100099,6.790337261
0.521497537,6.808430609
0.459567299,6.889617725
0.557467309,6.962841895
0.621314955,7.094222229
0.521202651,6.999017683
0.57623236,6.927677409
0.448233917,7.057043201
0.495652397,7.175058889
0.521112878,7.197240046
0.519138622,7.147892144
0.486582093,7.0478628
0.5979627,6.968192001
0.572480737,7.156755642
0.530712383,7.277588841
0.524702564,7.037506315
0.607022717,7.154512905
0.646895223,7.230387501
0.648732785,7.282157615
0.617461289,7.323951899
0.5583388,7.367416007
0.636998978,7.091505437
0.683201332,7.1937044
0.645411817,6.989642353
0.565443759,6.858171487
0.455942141,6.797744374
0.504635014,6.756307569
0.511700528,6.776788552
0.490980347,6.858663108
0.454631317,7.000679442
0.579430575,7.122927236
0.528453392,7.01962798
0.624645665,6.938197078
0.533836133,7.060023061
0.446856732,7.089765128
0.52259185,7.122131265
0.562714017,7.07995115
0.565379757,6.984894362
0.530407886,6.855436804
0.561568035,7.05996096
0.567697547,7.192542002
0.547683691,7.274373594
0.501972025,7.323363077
0.615257501,7.368742869
0.67764953,7.392857652
0.694806204,7.091770302
0.666441917,7.166045207
0.612208898,7.245855389
0.497659564,7.02444319
0.58667684,7.162835304
0.571682154,6.999675364
0.516196337,6.911045647
0.433426682,6.894766838
0.508707451,6.888504667
0.545141193,6.946097315
0.556916826,7.066233075
0.581942135,6.880581325
0.573826497,6.81224653
0.551610186,7.033845305
0.530942093,7.137449912
0.500962262,7.149732313
0.454098306,7.093757131
0.558138367,7.052015896
0.613485786,6.955593785
0.621895577,6.82375305
0.515022665,6.982797597
0.583214063,7.123629844
0.615159865,7.210792082
0.613035254,7.263071387
0.579962075,7.296193928
0.526353329,7.005252439
0.614862242,7.085854882
0.658081039,7.158753925
0.631861438,6.91918216
0.603552147,7.062970484
0.498358622,6.906189768
0.546087002,6.784104918
0.545639613,6.728360142
0.511402804,6.738299191
0.456004754,6.812577374
0.560340458,6.879620861
0.630962238,7.005625643
0.537480312,6.905964768
0.599009653,6.830357202
0.478573191,6.956858673
0.533459279,7.071777701
0.566177753,7.0913265
0.571239147,7.039758263
0.54549721,6.937883967
0.663613383,6.855769712
0.646648196,7.042785231
0.613088648,7.162243566
0.612774562,6.920585648
0.52099654,7.012719424
0.598035863,7.096831303
0.632298769,7.1544296
0.629429967,7.20023347
0.595319721,7.24635502
0.510194473,6.9856542
0.607305912,7.09139526
0.610384065,6.889271197
0.565783094,6.758438511
0.487107481,6.697775384
0.386337681,6.705627624
0.448067457,6.720901471
0.474318227,6.796904865
0.478612469,6.932756144
0.499718875,6.760604525
0.489072454,6.703662267
0.46480121,6.934885712
0.44373329,7.046636853
0.414610899,7.065754814
0.369542995,7.015464697
0.475893553,6.978878944
0.534119863,6.886630255
0.545798558,6.758129522
0.441770835,6.919658487
0.513093201,7.062853648
0.54845976,7.151854145
0.549945757,7.205535838
0.520600061,7.239704133
0.471198216,6.949530317
0.563421678,7.030856914
0.610404875,7.104219411
0.588221722,6.864885538
0.563630635,7.008788313
0.462325246,6.851989327
0.5138656,6.729870568
0.517166982,6.673995378
0.486648407,6.68374419
0.434970582,6.757797384
0.543030279,6.824523442
0.617415645,6.950160334
0.527547992,6.850205374
0.592662224,6.774166681
0.475991594,6.900399093
0.534654326,7.014850835
0.571033883,7.033934081
0.5796324,6.981924732
0.557305561,6.879655433
0.502772412,6.744956499
0.517099954,6.946228785
0.510698609,7.076629987
0.481690108,7.157045173
0.468434477,6.889432806
0.560673682,6.986069306
0.608631635,7.053740603
0.61813577,7.107636724
0.595251689,7.160254411
0.519286804,6.904855963
0.443651489,7.037094408
0.485256232,6.840415572
0.473653945,6.712993726
0.423351709,6.654237817
0.347104417,6.662900061
0.429908476,6.677431836
0.474577667,6.752226321
0.495123133,6.88655748
0.363880666,6.793322699
0.394858295,6.726820183
0.406973118,6.948701485
0.416134715,7.051462114
0.412114809,7.062139099
0.387897209,7.004088032
0.511952089,6.959497759
0.584884457,6.860131427
0.608823793,6.725403298
0.517027045,6.882020489
0.418308366,6.986968123
0.491595137,7.082952822
0.525418611,7.141402099
0.523724246,7.178701708
0.495818644,6.890430797
0.42530213,6.976539223
0.520831788,7.054849356
0.537653625,6.818479733
0.548824958,6.963524559
0.475814625,6.807161552
0.372942733,6.725791335
0.428284047,6.667112812
0.442083258,6.672996067
0.428338997,6.742538525
0.399338324,6.874152057
0.396647448,6.699722831
0.366166071,6.641415794
0.482804248,6.596921716
0.412482431,6.749316953
0.345443942,6.80418238
0.440581755,6.856670197
0.499234847,6.830814345
0.519497884,6.748996516
0.501187092,6.630295808
0.549874366,6.843085525
0.572703934,6.982225814
0.568617362,7.069273193
0.538141785,7.122436348
0.483018829,7.157026181
0.414929979,6.867905454
0.490285353,6.951792467
0.52397859,7.027602087
0.493190113,6.790351745
0.460161094,6.936275381
0.534765417,6.748499018
0.551876649,6.627866212
0.526759136,6.574257226
0.472816514,6.586781254
0.401861262,6.66392889
0.494668124,6.734742598
0.556618562,6.864323395
0.457748014,6.767605924
0.516133595,6.695342102
0.393329934,6.823986446
0.447691684,6.941425092
0.481418295,6.963050801
0.488667047,6.913171967
0.466017335,6.812663978
0.411968916,6.679405068
0.426080902,6.882116682
0.420307794,7.013741342
0.445326566,6.781522844
0.375758453,6.880781156
0.472915376,6.970254583
0.525447109,7.031783307
0.539279219,7.080425197
0.50769038,6.810752355
0.453773552,6.921701047
0.526134362,6.703666768
0.589640194,6.862037534
0.55715435,6.716345893
0.489540587,6.643080096
0.399142151,6.640254914
0.470421846,6.645865221
0.506024585,6.71358398
0.51967263,6.842285268
0.38369723,6.744413773
0.411204379,6.674261128
0.421319995,6.893405101
0.429648472,6.994109547
0.425728852,7.003237128
0.40235098,6.944012948
0.354911208,6.836465708
0.456130831,6.752409896
0.504905141,6.629570526
0.43576371,6.79553306
0.357015505,6.90757846
0.447914187,7.008489716
0.497305046,7.070472623
0.509398502,7.110225846
0.492574717,6.823567486
0.433125056,6.910728201
0.538596093,6.989073241
0.563037011,6.75258157
0.582493885,6.89718784
0.515629983,6.740536936
0.418471768,6.658901787
0.47917645,6.599282585
0.498061986,6.604360693
0.48921545,6.673241347
0.465002713,6.804335522
0.465362062,6.629397379
0.438137691,6.570833515
0.399947057,6.801333017
0.36920408,6.913054805
0.333831124,6.932554022
0.285260164,6.882860597
0.39008024,6.847556432
0.448638803,6.756388605
0.46210704,6.628763234
0.360297667,6.790813659
0.434986481,6.934834249
0.474728467,7.024424474
0.514838849,6.762194071
0.474712987,6.847969398
0.412493449,6.919475204
0.514902103,6.985139841
0.551988168,6.727612391
0.562936333,6.846665908
0.502055838,6.657321774
0.405442499,6.538871409
0.46346584,6.448581655
0.474622808,6.419271455
0.452995552,6.451160161
0.411000887,6.543630704
0.359622586,6.695387106
0.475036609,6.827279186
0.420156203,6.731809731
0.515865778,6.657801788
0.42696117,6.785530712
0.34468469,6.820437156
0.427180289,6.857426231
0.475773179,6.818987446
0.48816063,6.726934817
0.463815642,6.599891947
0.328585537,6.762805622
0.375521593,6.910068977
0.392716344,7.003034653
0.381044268,7.060383202
0.365409767,6.780564622
0.471761167,6.86875247
0.531976646,6.938124798
0.553294047,7.00230337
0.512953274,6.755719088
0.471894096,6.89424182
0.359812087,6.733043666
0.403531385,6.608727941
0.401152493,6.551127254
0.366737179,6.559560955
0.312659356,6.632667413
0.420165319,6.699571294
0.495021084,6.825390429
0.407463088,6.725181077
0.475867434,6.649586764
0.362183169,6.775283021
0.259736442,6.809189499
0.325478442,6.847333721
0.360643352,6.810227854
0.362331721,6.719526109
0.329514793,6.593742275
0.362928589,6.801901696
0.439076701,6.626144006
0.404763521,6.759923282
0.351772587,6.853086133
0.280253245,6.921782785
0.375055972,6.986684399
0.424993551,7.036800916
0.423215808,6.767297252
0.396019527,6.877468998
0.308084173,6.680851833
0.369240473,6.525709826
0.376866227,6.432605916
0.345377185,6.402153895
0.287500877,6.434102609
0.387794574,6.467040393
0.44952791,6.556757336
0.486785419,6.703083259
0.370704012,6.619995194
0.415965491,6.560809231
0.282741946,6.700079787
0.32963322,6.827812535
0.359031611,6.858339092
0.364404355,6.816033153
0.341763682,6.721860527
0.46474327,6.647241016
0.452538929,6.839699994
0.492488168,6.652603903
0.426095598,6.777523085
0.346357302,6.864133653
0.435425243,6.944018023
0.481790938,6.997630622
0.491043322,7.039707356
0.456941364,6.764537619
0.400626359,6.870904978
0.472271891,6.649505576
0.535056215,6.805047341
0.502975935,6.656831522
0.43608538,6.581411205
0.346675337,6.576780578
0.41947997,6.58117656
0.456780996,6.647854193
0.472283112,6.775706539
0.338387892,6.677152621
0.36834693,6.606613933
0.220379604,6.735551834
0.254710548,6.856181466
0.273791404,6.881041355
0.270730756,6.834184742
0.241232271,6.736323876
0.358468565,6.659823495
0.421411866,6.542792574
0.364751802,6.713193449
0.297255513,6.828677372
0.398450604,6.932058168
0.457214619,6.995885829
0.494530044,6.719389019
0.46825699,6.80400908
0.418219095,6.883434245
0.325833398,6.651012433
0.417319194,6.782239145
0.421065917,6.601226288
0.379636869,6.488020943
0.306162586,6.442050878
0.212261487,6.462124647
0.282273351,6.488240641
0.317949588,6.573019604
0.332656336,6.715909733
0.365772955,6.549361547
0.367401478,6.496692223
0.355620025,6.731370227
0.347683033,6.845865272
0.332024746,6.867091181
0.300524731,6.818365153
0.420318893,6.782554732
0.491890362,6.690625365
0.51671466,6.562114797
0.426951687,6.723735955
0.331896067,6.83285489
0.409969013,6.932626234
0.449591319,6.99402243
0.472379754,6.716001205
0.432706279,6.799544271
0.371486265,6.878303491
0.454230343,6.632897743
0.506931557,6.760501371
0.479337314,6.577423589
0.411458401,6.463372522
0.315586304,6.417440291
0.379360917,6.388015405
0.402531313,6.418244482
0.398828675,6.508039605
0.380355639,6.656494235
0.387194778,6.495964217
0.366521324,6.449275977
0.334816823,6.689546347
0.310697093,6.809287181
0.281940298,6.835336651
0.239878231,6.79097276
0.351058522,6.759929015
0.415780203,6.67214498
0.435186944,6.547200885
0.339396025,6.711451299
0.23952229,6.822922688
0.313703747,6.925624232
0.350286459,6.989542459
0.37250475,6.713780251
0.330732841,6.799066621
0.267903238,6.87929893
0.371246358,6.953273567
0.397256805,6.712787069
0.369633871,6.53953347
0.361657806,6.746017787
0.267462512,6.652732858
0.33107799,6.584312167
0.352804125,6.581776263
0.346800408,6.644066305
0.325492658,6.769446842
0.330786076,6.589682998
0.3081437,6.526756463
0.432615938,6.478231645
0.370274525,6.627123419
0.311295038,6.678957915
0.245504073,6.657224015
0.337772769,6.64652726
0.387941382,6.576345821
0.396269019,6.466515114
0.291234006,6.64342665
0.364657262,6.800453326
0.404865965,6.900880223
0.413265583,6.963916947
0.392383594,7.005679295
0.352939249,6.721629837
0.271840166,6.811435478
0.360351906,6.894574151
0.375133097,6.662005842
0.383908991,6.810357638
0.312219524,6.656376579
0.390578192,6.535572312
0.418274212,6.480027431
0.410178302,6.489444312
0.379354842,6.562742534
0.33731919,6.698212158
0.326487671,6.527800524
0.290244519,6.473313155
0.403730513,6.43284384
0.331411945,6.588031192
0.264443546,6.645370458
0.361318365,6.700423731
0.42300802,6.676635141
0.447298583,6.59647678
0.433773535,6.47911843
0.308978659,6.650097701
0.365761839,6.803451205
0.392038445,6.901365288
0.388806903,6.962770385
0.380223528,6.686253957
0.310653404,6.771643024
0.408343676,6.850004396
0.462120641,6.920635422
0.448895477,6.678680673
0.388442789,6.505315277
0.350847044,6.713016051
0.412933453,6.580440274
0.426718844,6.515532938
0.406771303,6.517513403
0.365885141,6.584905925
0.315335679,6.715677535
0.298444729,6.541597524
0.257070389,6.484083966
0.366229944,6.441695869
0.290244392,6.5952049
0.2206804,6.651320079
0.31542337,6.705849349
0.375790449,6.681677662
0.399387687,6.601186312
0.38564302,6.483480902
0.26042356,6.653923578
0.316913951,6.807207214
0.343204246,6.904940598
0.340180653,6.966046502
0.332437403,6.689153228
0.26310456,6.773999382
0.36104129,6.852228745
0.41504364,6.922578009
0.402468904,6.680177703
0.342442574,6.506261172
0.304545941,6.713441893
0.366899177,6.58066931
0.380693681,6.515486897
0.360491812,6.517170127
0.319088276,6.584294866
0.267764091,6.714875561
0.250719774,6.540819925
0.208833967,6.483394155
0.317634198,6.441452569
0.240481522,6.594687508
0.16996751,6.650511895
0.263959915,6.705220338
0.323732424,6.681133389
0.346862651,6.60065775
0.332758092,6.482919919
0.206256969,6.653052014
0.261718689,6.806546765
0.287201707,6.904494352
0.320328725,6.649881041
0.272483006,6.741671977
0.205158658,6.818272949
0.30454564,6.889942382
0.343269503,6.637116538
0.353681412,6.759994288
0.296094709,6.573305442
0.202965095,6.456742096
0.264895323,6.369186116
0.280022369,6.341805413
0.26236623,6.375011186
0.224307891,6.468346506
0.346797456,6.551484825
0.435979811,6.690350899
0.361819518,6.600692336
0.442597394,6.533211961
0.341341442,6.666009823
0.250422841,6.705651468
0.32687825,6.747805765
0.371965194,6.713839672
0.382841553,6.625587173
0.35854213,6.501715156
0.223320193,6.666924896
0.271393613,6.81682998
0.290796836,6.91192993
0.319160692,6.655059091
0.267122176,6.744971667
0.196297155,6.820017395
0.292755766,6.890703215
0.32924049,6.637012239
0.337480086,6.75913304
0.278187247,6.571745602
0.18346813,6.45455716
0.244078433,6.366728757
0.257907892,6.339094629
0.238933895,6.372091772
0.199505591,6.465290435
0.320884198,6.548581668
0.408850618,6.687653726
0.333549848,6.598193875
0.413426684,6.531155994
0.310685827,6.66382873
0.218471893,6.703323749
0.293872252,6.745669145
0.338034174,6.711825821
0.348099925,6.623653418
0.323094535,6.499838863
0.364725737,6.70929266
0.383707559,6.845824542
0.378368824,6.930790287
0.386530898,6.666442216
0.316627369,6.750762647
0.230757452,6.821806746
0.314572534,6.889978133
0.341262812,6.634633247
0.340604108,6.755792269
0.27472277,6.567847385
0.174615124,6.450419658
0.2307753,6.362831536
0.241047933,6.335530687
0.219283917,6.368893066
0.177723507,6.462439433
0.297398973,6.546320996
0.384160846,6.685860257
0.308691736,6.596417181
0.388474829,6.529579556
0.285986008,6.662490058
0.194361627,6.702249735
0.27032588,6.744945776
0.315309582,6.71139714
0.326374636,6.623432459
0.302476036,6.499719771
0.345076421,6.709321061
0.365104119,6.845874808
0.411807769,6.616781864
0.363759313,6.718396489
0.297650962,6.794095264
0.214703471,6.857680816
0.30074296,6.919584897
0.32907192,6.658806631
0.329568098,6.775258854
0.264398672,6.583245896
0.164628076,6.462317139
0.220978766,6.371874071
0.231158985,6.342131269
0.209048071,6.373433818
0.166911496,6.465279233
0.286086045,6.547864196
0.372145544,6.68638801
0.295769008,6.596219878
0.374816534,6.528935081
0.271095027,6.661095783
0.178307849,6.700186624
0.253313578,6.742519835
0.297383517,6.708643641
0.307587724,6.620402466
0.282891156,6.496474802
0.324306747,6.705952181
0.34329371,6.84247307
0.389646215,6.613520364
0.340760686,6.715230043
0.273981992,6.791099797
0.190532368,6.854918365
0.276210317,6.917220651
0.304859452,6.656825718
0.305214062,6.77367131
0.240590795,6.58197769
0.141439355,6.461319019
0.1983716,6.371222602
0.209228887,6.341749336
0.187896677,6.373236264
0.146643827,6.465170576
0.266621889,6.547911534
0.353604169,6.686463693
0.278666857,6.595984644
0.358950953,6.528462303
0.256713197,6.660571608
0.165474813,6.699650556
0.241836391,6.741959081
0.287323821,6.708051681
0.298967165,6.619744426
0.275695298,6.495697213
0.318561656,6.705078039
0.403361375,6.529938362
0.377931162,6.664073085
0.333512506,6.757285032
0.27025232,6.825801861
0.189534692,6.883256409
0.275559232,6.622041493
0.309755869,6.727538846
0.31269102,6.831649192
0.249472544,6.629167697
0.151019833,6.499387046
0.208245255,6.401617067
0.218953943,6.365690155
0.197120626,6.391783355
0.155085339,6.479249989
0.274290341,6.558281252
0.360304159,6.693820715
0.284020108,6.601062059
0.363146071,6.531706393
0.259402284,6.662037529
0.166679761,6.699604621
0.241784246,6.74075247
0.286029779,6.705875258
0.296470765,6.616784078
0.272058973,6.492130856
0.313650254,6.701027608
0.397621746,6.525641315
0.37110667,6.659592137
0.32575669,6.752762615
0.26172971,6.821360301
0.18041936,6.878997059
0.266320608,6.618036574
0.300183516,6.7238364
0.274904773,6.511463635
0.246855091,6.678295769
0.149547056,6.540084324
0.207481506,6.435265039
0.218735717,6.393436541
0.197382324,6.414574228
0.155834243,6.497855477
0.275355834,6.573381917
0.361796849,6.705915222
0.286292776,6.610423498
0.366016215,6.538733044
0.263264249,6.667388465
0.171567347,6.703608722
0.247540899,6.743537243
0.292706186,6.707659864
0.304092923,6.61772608
0.280628494,6.492340417
0.145407353,6.655893284
0.258054383,6.493482838
0.256460756,6.637304807
0.232358241,6.737790021
0.186392682,6.811687865
0.303877372,6.879757382
0.372135135,6.613698733
0.391539691,6.715792683
0.353612336,6.500812215
0.315306052,6.66582367
0.208862714,6.526491593
0.259163164,6.420956803
0.263920003,6.378801718
0.237008749,6.399918157
0.190677009,6.483423384
0.306243198,6.559217081
0.389232874,6.692190108
0.310296705,6.597489385
0.387221032,6.526521705
0.28178492,6.655696837
0.187643298,6.692375928
0.261617577,6.732737463
0.304924799,6.697262541
0.314595643,6.607730115
0.289562163,6.482765935
0.152770367,6.646736601
0.264299137,6.484757311
0.26154947,6.629024297
0.236452065,6.730012126
0.189664635,6.804464142
0.123017705,6.86642216
0.221096082,6.608427619
0.265590305,6.716307004
0.249045683,6.50535655
0.228730792,6.673075488
0.137708744,6.535418209
0.200980945,6.430704171
0.216808469,6.388814085
0.199396752,6.409775529
0.161271539,6.492803612
0.28371799,6.567840566
0.241677096,6.410077523
0.179680139,6.366994793
0.272562308,6.338522463
0.182566996,6.503072653
0.102726245,6.568896332
0.189673382,6.633004214
0.244796194,6.616997435
0.265147241,6.543371611
0.249700574,6.4313541
0.300073908,6.650441559
0.327148508,6.794679826
0.38008144,6.571771996
0.337793508,6.678396025
0.276889562,6.758122376
0.198650035,6.824938741
0.288958997,6.889300913
0.320924616,6.630473786
0.324985213,6.748458308
0.262815214,6.557681256
0.165817691,6.437743262
0.224721272,6.347917854
0.237302034,6.318651461
0.217477431,6.350319184
0.177546944,6.44244006
0.298792709,6.525015112
0.386889577,6.663486221
0.312158152,6.573419158
0.392786427,6.50598245
0.290856475,6.638216939
0.199670805,6.677352082
0.276232918,6.719456388
0.321692408,6.685379895
0.333149853,6.596981279
0.309599253,6.472949688
0.174484299,6.637812603
0.22299725,6.787765781
0.294010755,6.568969906
0.266813746,6.678471926
0.218587989,6.760172864
0.151021672,6.828298937
0.248113537,6.575280137
0.292469362,6.687404636
0.304373419,6.796860897
0.248661359,6.598750076
0.156975947,6.472519321
0.220132756,6.377177642
0.236291865,6.34319065
0.21954672,6.370803929
0.18233706,6.459417757
0.30577535,6.538866045
0.395916257,6.67459232
0.32316252,6.582062362
0.405387035,6.512369491
0.305407593,6.64307564
0.215985164,6.680959204
0.125772208,6.64849452
0.197887191,6.631440985
0.232336258,6.556380823
0.228571164,6.442716947
0.11104951,6.615710559
0.174575058,6.771625989
0.257799931,6.557153495
0.241638642,6.669897427
0.202784592,6.753872355
0.143142813,6.823519251
0.246290799,6.571268711
0.296361543,6.683767591
0.283544509,6.476591052
0.267599997,6.647245561
0.179225123,6.512103783
0.244841524,6.408991878
0.262686072,6.368434511
0.24700537,6.390526526
0.210363421,6.4745392
0.163877047,6.619075551
0.152553194,6.456627041
0.116047539,6.408700569
0.230089252,6.374892527
0.157614938,6.534402265
0.09184768,6.595339494
0.190420563,6.654494994
0.254738056,6.633946321
0.282312682,6.556250209
0.272507952,6.440664032
0.149703633,6.612327161
0.208763228,6.767231418
0.288094738,6.552158416
0.26856968,6.664639413
0.226848424,6.748623378
0.164805333,6.818493541
0.268800905,6.884496645
0.311784973,6.626754798
0.325803487,6.745390428
0.271618586,6.555032699
0.181574375,6.435318944
0.246362042,6.345085561
0.264177286,6.31538791
0.249098651,6.346596194
0.213557385,6.43821399
0.168565179,6.589039521
0.158692937,6.431679199
0.123909936,6.387873087
0.239536668,6.357301607
0.169193847,6.519901329
0.105458804,6.583442597
0.205836054,6.644519309
0.271862072,6.625579695
0.301039047,6.549214163
0.292721202,6.43471116
0.171917058,6.607394816
0.232701271,6.762850526
0.263260822,6.862213279
0.300869754,6.608528585
0.257569645,6.700936683
0.194508681,6.777865176
0.297909313,6.849573566
0.339917246,6.596614628
0.353896101,6.719211475
0.29909426,6.532223223
0.208562591,6.415353227
0.09377154,6.367425931
0.142388038,6.339221055
0.152935158,6.370615668
0.138639771,6.4615309
0.111194052,6.611088595
0.248024674,6.741189486
0.212916559,6.642999163
0.326394487,6.566779641
0.252389859,6.691169113
0.183992236,6.722800445
0.110718899,6.684364002
0.196795153,6.661289755
0.242347519,6.580763376
0.247372111,6.462237553
0.137445103,6.631154087
0.207208167,6.78297449
0.294663109,6.564892872
0.282484057,6.674741096
0.246816757,6.756331172
0.189777237,6.824055879
0.110795487,6.571843449
0.193282058,6.688797092
0.207126661,6.484434671
0.214446255,6.656588158
0.145118014,6.522139993
0.226716179,6.418520602
0.25822585,6.377100842
0.25432251,6.398082165
0.227929088,6.480803985
0.190461173,6.623907924
0.185984369,6.459774674
0.155700239,6.410163466
0.274924405,6.374243981
0.207878672,6.532629498
0.146614646,6.592560215
0.080406513,6.577627166
0.173224002,6.573743532
0.225179461,6.509087445
0.236191937,6.40364827
0.132502125,6.583494433
0.207868276,6.743970235
0.250737013,6.847081696
0.297973769,6.596081888
0.263565235,6.690557495
0.208023479,6.768979335
0.134178421,6.843672243
0.211293303,6.597170808
0.255638103,6.723953414
0.225643171,6.539565495
0.156020819,6.424087217
0.05886857,6.376672383
0.122269186,6.347912015
0.145303757,6.378392667
0.141589769,6.468164581
0.123149247,6.616441858
0.134087411,6.456034587
0.116659843,6.409129514
0.24670881,6.374833063
0.18849203,6.534139132
0.134304295,6.594459954
0.073721191,6.579573396
0.171222756,6.575381377
0.226816056,6.510318039
0.240626637,6.404454665
0.139141921,6.583934649
0.216324457,6.743903885
0.260551614,6.846620367
0.27313363,6.911409275
0.278854216,6.637202791
0.22153726,6.724021191
0.146547107,6.805925588
0.222899753,6.565393348
0.266978967,6.697306956
0.237001881,6.517334956
0.167722945,6.405639899
0.071204142,6.361446471
0.135266243,6.335224924
0.15919583,6.367839129
0.156592815,6.459366235
0.139462821,6.609039477
0.151462499,6.449627669
0.135305606,6.403435052
0.266441796,6.369507796
0.209883456,6.529555122
0.157234233,6.590533343
0.098076153,6.576216154
0.196806706,6.572226675
0.253540225,6.507339408
0.268400777,6.401616039
0.168577229,6.58136338
0.067055057,6.705792423
0.141107494,6.82055424
0.179036452,6.894325281
0.205516962,6.626641897
0.166467123,6.718185377
0.106857185,6.803349802
0.19543458,6.56476825
0.250451729,6.69780087
0.228855229,6.518445729
0.166503465,6.406977407
0.07566694,6.362748578
0.1444592,6.336068295
0.172198201,6.36817289
0.172619571,6.459199159
0.157846101,6.608427871
0.171162637,6.448638092
0.15594883,6.402219781
0.127335321,6.642476268
0.107372614,6.762121685
0.083540373,6.787919793
0.046926218,6.743108313
0.163413751,6.712655402
0.233808027,6.625007766
0.259079496,6.499798305
0.167179112,6.662958605
0.07158484,6.773316719
0.198162523,6.561558259
0.220354677,6.67569886
0.213485173,6.759813399
0.180576171,6.828785931
0.120221677,6.576941896
0.219924103,6.692747736
0.246598618,6.487125021
0.266339718,6.657756744
0.2059332,6.52202077
0.116115553,6.457487444
0.18509838,6.41363642
0.212688437,6.431401871
0.212816559,6.510440251
0.197748931,6.649619104
0.210393284,6.481305346
0.194719756,6.427700853
0.166157268,6.662133537
0.146204531,6.777028924
0.12237611,6.798954261
0.085779903,6.750983815
0.202235506,6.717639403
0.272640914,6.62763085
0.297962743,6.500488092
0.206922164,6.66224368
0.172490679,6.459102604
0.230722014,6.610173191
0.256729027,6.714981101
0.25277267,6.791121861
0.222053153,6.853288479
0.162488168,6.595657087
0.263505342,6.706265516
0.290274629,6.496305227
0.26489493,6.348456907
0.25965421,6.576158312
0.169555646,6.500398208
0.237938669,6.446887377
0.264627147,6.456647723
0.263650683,6.529094084
0.247351286,6.662890208
0.258070183,6.490192066
0.24056804,6.433138082
0.211300852,6.297380549
0.176700277,6.470748703
0.142357608,6.542073672
0.098402636,6.535801664
0.210167076,6.537409293
0.277592418,6.476848273
0.301205695,6.374515315
0.209587792,6.557226107
0.114845028,6.684020689
0.194713469,6.799928065
0.271249049,6.558390561
0.263419997,6.660241843
0.23034639,6.744194755
0.175569207,6.823022202
0.083699469,6.58977588
0.172869621,6.72237599
0.17892723,6.541797393
0.139948913,6.428539334
0.068967375,6.382169804
0.154342541,6.352383953
0.196302295,6.381432688
0.209041488,6.469482963
0.20506364,6.615817864
0.060232159,6.531097966
0.082467966,6.474750815
0.245352671,6.430112021
0.216096811,6.581040299
0.185527416,6.633494962
0.144154733,6.611376188
0.085516318,6.535378658
0.180148997,6.480080471
0.226724445,6.381223425
0.155257346,6.566241847
0.077463429,6.694233451
0.171536302,6.810219856
0.259139299,6.568131194
0.261367212,6.669183645
0.236656193,6.752077836
0.188799827,6.829689949
0.101797867,6.595203211
0.195813758,6.72622202
0.204983063,6.544248399
0.168482799,6.429735962
0.099440373,6.382263994
0.186390927,6.351211472
0.229524302,6.379198524
0.243097258,6.466389965
0.239666655,6.612067075
0.094421875,6.527226397
0.116321739,6.470565933
0.27891854,6.425450376
0.249205963,6.575991944
0.2178969,6.628081342
0.175581264,6.605664674
0.115867863,6.529468233
0.209587157,6.473861864
0.255151996,6.374838069
0.182804602,6.559876275
0.104125238,6.688012578
0.197458025,6.803989081
0.251353893,6.87838862
0.289033569,6.610844835
0.261445745,6.702567517
0.211542674,6.787801328
0.123020511,6.559902327
0.216184785,6.696314832
0.224803642,6.519020667
0.188192827,6.408542758
0.119427302,6.364527787
0.030095403,6.385968236
0.104910019,6.414172205
0.145236499,6.500420543
0.16444334,6.644323139
0.038225194,6.557205815
0.075937442,6.497734628
0.251637103,6.449476302
0.233557518,6.59743628
0.211979368,6.64705007
0.1778032,6.622294461
0.124896013,6.543912351
0.224249222,6.485960755
0.274519397,6.384816826
0.206903809,6.568129718
0.132177714,6.694639964
0.047074692,6.782596019
0.164849443,6.54960706
0.193535732,6.657397612
0.191135897,6.745086509
0.162090251,6.826014932
0.089956527,6.593795355
0.197476567,6.725633672
0.217039122,6.544104012
0.189346848,6.429716047
0.127807157,6.382147507
0.044288123,6.400407469
0.123845277,6.425469719
0.167918739,6.508992305
0.190047325,6.650572039
0.065343485,6.561862369
0.104283452,6.50077517
0.121401823,6.359718511
0.127116134,6.527033669
0.125724658,6.59193887
0.108613733,6.579242079
0.070088576,6.510360344
0.181764251,6.459661089
0.242330076,6.364206364
0.183479822,6.552038895
0.116071614,6.68211615
0.03709029,6.772909332
0.128075167,6.858367811
0.196051323,6.598793793
0.195024651,6.696265344
0.167510293,6.785462675
0.096855304,6.560246063
0.206046098,6.697713372
0.227162631,6.520971901
0.201119021,6.410634512
0.141324275,6.36647352
0.059649156,6.387572486
0.140862543,6.414751131
0.186699393,6.49999201
0.21070145,6.642915887
0.087796502,6.555282275
0.128282379,6.494802019
0.146798831,6.354351979
0.15441465,6.522256933
0.154732918,6.587686838
0.139161339,6.575447011
0.102020841,6.506953487
0.214883201,6.456255761
0.193083,6.667734146
0.231073276,6.497523008
0.161477614,6.635623548
0.080990834,6.733186125
0.170974318,6.824045584
0.237496691,6.568951357
0.236234519,6.6702389
0.208633816,6.762607035
0.137152627,6.540075355
0.246564941,6.679446154
0.267055594,6.504395403
0.240473581,6.395518925
0.180189527,6.352634931
0.098044962,6.374869254
0.178895545,6.402746112
0.224337336,6.488655616
0.247905633,6.632243686
0.123815186,6.545631335
0.163351429,6.485824112
0.023633254,6.622428288
0.066202824,6.750235076
0.09394995,6.780805334
0.099749554,6.738397986
0.079129224,6.643915566
0.204879421,6.570703778
0.276264979,6.456010393
0.226632508,6.627694122
0.166285546,6.744014287
0.136750849,6.508136498
0.21348849,6.63394076
0.252450396,6.726267005
0.258092299,6.800881922
0.226218045,6.552879965
0.170809481,6.681947608
0.065510754,6.501296796
0.113772928,6.362289733
0.111821502,6.282684644
0.073351439,6.263494316
0.010515053,6.304827991
0.108168108,6.347801049
0.168471665,6.445749988
0.205209271,6.598851432
0.092624481,6.519752814
0.142032333,6.465588745
0.011539003,6.607113954
0.061997585,6.73844218
0.096551571,6.771776989
0.108220503,6.73151953
0.092655684,6.638688139
0.047605092,6.511336392
0.149741503,6.412595284
0.127197046,6.596743075
0.089934185,6.722511264
0.035946668,6.808692336
0.177672655,6.571950201
0.228160138,6.676139427
0.243829053,6.760239611
0.219796434,6.519811819
0.17198283,6.654885334
0.07234185,6.479061599
0.125489333,6.343608191
0.127661669,6.266827092
0.09263864,6.249888757
0.032650055,6.293033852
0.132728485,6.337149481
0.194977779,6.43604012
0.233243256,6.589951367
0.121110256,6.511930885
0.170933711,6.458426424
0.040597709,6.60048048
0.091195054,6.732027795
0.125517331,6.765485341
0.136674959,6.72532195
0.120400446,6.632605291
0.074513908,6.505423083
0.175939634,6.406687155
0.152752264,6.590983839
0.114797187,6.716995744
0.060124504,6.803516657
0.018292746,6.549785014
0.097944791,6.663519159
0.138263237,6.754694081
0.1349231,6.519438572
0.104780907,6.658216792
0.019987356,6.484989414
0.085620819,6.351026011
0.09843442,6.275139096
0.072534871,6.258639651
0.020427659,6.301869867
0.127092566,6.345596941
0.19511539,6.443928665
0.238503674,6.597130597
0.13082512,6.518332437
0.184336209,6.463805234
0.057796449,6.605393296
0.111554564,6.736170778
0.148593066,6.768967592
0.162091236,6.728229717
0.147836043,6.63500527
0.103690408,6.507365852
0.206564669,6.407926185
0.18538539,6.591774758
0.149138548,6.71732019
0.095904485,6.803361146
0.054490594,6.549070104
0.135251166,6.662095368
0.176457533,6.752600977
0.173026871,6.516742912
0.143510746,6.654961328
0.058378191,6.481305828
0.123703894,6.346737619
0.13615284,6.270373292
0.109828442,6.253517077
0.057234388,6.296508275
-0.010506079,6.398895498
0.087896903,6.493240127
0.156354998,6.642109047
0.068634238,6.559219845
0.138658752,6.500356959
0.025505679,6.63768911
0.090279588,6.76423764
0.136028512,6.793045713
0.156353991,6.74864016
0.14740095,6.652117791
0.10733522,6.521574108
0.213502369,6.41941661
0.194893601,6.600976097
0.160568699,6.724607774
0.108772186,6.809087054
0.068342979,6.553546339
0.149990326,6.665374627
0.191890769,6.754971903
0.188943048,6.518456594
0.159999725,6.656221334
0.075355368,6.482285974
0.141096697,6.347333569
0.154058386,6.270721965
0.128374012,6.253707742
0.076568816,6.296584808
0.00978013,6.398858716
0.10899282,6.49290169
0.178446521,6.641451776
0.09178393,6.558244259
0.162688869,6.498880071
0.051003642,6.63626579
-0.046859828,6.680000569
0.024287046,6.728127832
0.066590394,6.699056849
0.076608796,6.614637256
0.052878162,6.493582014
0.173021143,6.398534576
0.167128029,6.585727053
0.143663108,6.713596926
0.101109479,6.801204519
0.039557546,6.864662218
0.158646483,6.608490041
0.203977668,6.707422067
0.215223855,6.796434895
0.173383386,6.570188328
0.089497716,6.41015488
0.207945435,6.600418572
0.224644762,6.479341757
0.200443485,6.425014176
0.148480322,6.436659601
0.080368397,6.512868615
0.177590185,6.584914453
0.116404399,6.424095844
0.037213535,6.378998945
0.115712011,6.351062911
0.011242591,6.514444687
0.084203277,6.662063333
0.137320287,6.708252637
0.164219951,6.678187042
0.161092376,6.593502608
0.126161415,6.472742648
0.23696645,6.378196351
0.223234466,6.56624913
0.19312175,6.695214599
0.144965384,6.784086962
0.078732833,6.848923806
0.193851606,6.593934923
0.2360312,6.694131203
0.244737306,6.78443996
0.200792727,6.559497906
0.115332449,6.400744585
0.051546232,6.621904145
0.098445868,6.503171739
0.099752634,6.449796148
0.069374269,6.461369442
0.019576242,6.536758691
0.132075832,6.607284193
0.083785566,6.444674323
0.015666296,6.397546181
0.103347795,6.367310137
0.00723216,6.528952747
0.08713246,6.674580227
0.146100306,6.718952364
0.177938494,6.687233419
0.178982028,6.601046811
0.147573483,6.478922411
0.261300614,6.382851262
0.250802119,6.56971372
0.223417182,6.697550182
0.177549587,6.785354661
0.140522781,6.532291063
0.043351781,6.637330414
0.119244252,6.735764458
0.143310682,6.505546251
0.138797464,6.647608535
0.073049734,6.476654665
-0.026496104,6.373079904
0.03086586,6.298345024
0.042337694,6.281446699
0.021593003,6.323228607
-0.019252558,6.423616022
0.101558761,6.514494372
0.189006904,6.659767339
0.115873821,6.574040762
0.19801386,6.511478092
0.095900031,6.646233399
0.005398937,6.687389233
0.082624735,6.732495685
0.129414171,6.70072243
0.142657626,6.613973203
0.121173412,6.490988498
0.065294654,6.347751649
0.089378261,6.547275605
0.091139381,6.684566939
0.069813181,6.779351443
0.053336805,6.531361319
0.157024414,6.647963874
0.217468193,6.740948083
0.228380923,6.506848154
0.212938502,6.646243336
0.13799722,6.473566367
0.030886372,6.368971076
0.081911632,6.293513087
0.088281233,6.276300661
0.063517251,6.318039916
0.019601676,6.418542201
0.137862478,6.509456377
0.223500304,6.654810197
0.149093026,6.56919298
0.230170156,6.506574166
0.127902313,6.641813393
0.037402285,6.683477058
0.11465821,6.728779854
0.161586313,6.697241955
0.17504819,6.610737306
0.153835152,6.48798479
0.098255333,6.344953048
0.123328796,6.544548471
0.125969507,6.681840741
0.10540835,6.776562082
0.062384122,6.845356557
0.01193684,6.584391888
0.100829653,6.69321126
0.148801635,6.789118158
0.13618544,6.567642142
0.076990481,6.410789376
0.036798782,6.632455294
0.10180971,6.512935314
0.118223891,6.458379339
0.100440765,6.468554467
0.061142945,6.542457507
0.182349525,6.610724125
0.139849223,6.446693301
0.076607068,6.398370393
0.168329936,6.366373515
0.075785439,6.526816196
-0.006033348,6.589157543
0.07919191,6.651285905
0.133066988,6.633527539
0.1525483,6.558323266
0.13652933,6.444858832
0.006500495,6.617608383
0.125491658,6.463768947
0.12802908,6.614155984
0.107746784,6.719948521
0.065291889,6.798116793
0.015541462,6.54509576
0.105399657,6.660419482
0.154445815,6.761857856
0.14290616,6.545097708
0.08490407,6.392262071
0.04611757,6.617322872
0.11233953,6.50047464
0.130073844,6.448175576
0.113725953,6.460229925
0.075982432,6.535661126
0.198552214,6.604982179
0.157434308,6.441797335
0.095729759,6.394055868
0.188757607,6.362297982
0.098053058,6.523386181
0.017910982,6.586300088
0.104572425,6.648618888
0.159764977,6.631041085
0.18045192,6.555994009
0.165530137,6.442654184
0.037213636,6.615673306
0.156934547,6.461570755
0.160858693,6.611841601
0.141766643,6.71745598
0.100315006,6.795395291
0.050646621,6.542076943
0.141307998,6.656898465
0.190978039,6.757849242
0.179153846,6.540686818
0.120833529,6.387526433
0.082412694,6.612213745
0.148189035,6.4949247
0.16543266,6.442300525
0.148544012,6.454143548
0.110206963,6.529478352
0.061631682,6.666700656
0.049943011,6.498330668
0.012476138,6.445336402
0.12554924,6.408131988
0.051125814,6.563895863
-0.015937873,6.621704958
0.081453311,6.679123588
0.145137223,6.657045164
0.172496243,6.577944842
0.16278109,6.461020204
0.03858141,6.630944626
0.161549017,6.473962812
0.168026682,6.621819245
0.150890757,6.725429897
0.110955172,6.801740192
0.062411251,6.547123838
0.154060234,6.660708277
0.204559855,6.760710081
0.193404535,6.542846997
0.135754573,6.38918421
0.043921235,6.300090407
0.108265975,6.23631503
0.126393532,6.228586283
0.112051322,6.278002693
0.077421647,6.384692553
0.033332388,6.547989154
0.026184888,6.401148551
-0.006419332,6.365926113
0.111302593,6.343236188
0.041959248,6.511453665
-0.020340927,6.579595286
0.081364643,6.645274041
0.14901986,6.630021839
0.180001566,6.556539207
0.173561612,6.444214724
0.052970321,6.618052936
0.113936922,6.775292847
0.1962017,6.562096999
0.1783102,6.675677823
0.138075885,6.760311954
0.077310376,6.830454367
0.180568577,6.57915197
0.229685221,6.69234264
0.217085323,6.485580667
0.20020321,6.656573649
0.111977595,6.521476171
-0.001778541,6.458014859
0.047113863,6.417549863
0.057160538,6.438508274
0.041737257,6.520567655
0.012653585,6.66264422
0.016711892,6.497586621
-0.007328345,6.44685235
0.11701002,6.410726501
0.052428383,6.567374335
-0.006594145,6.625595528
0.097505086,6.682730285
0.166595887,6.660222133
0.198290965,6.58062772
0.192036402,6.463203012
0.071272539,6.632834475
0.19639295,6.474996074
0.205234207,6.622261316
0.189975117,6.725355465
0.151532812,6.801231605
0.10349177,6.546238756
0.012627267,6.660318532
0.094442735,6.766063989
0.108941998,6.552015077
0.072865188,6.400716175
0.054056155,6.626208952
0.135483047,6.50858949
0.166073092,6.455266092
0.16065201,6.466147537
0.132259189,6.540326872
0.092400357,6.676239162
0.087229422,6.506285592
0.055665756,6.451701317
0.173606731,6.412463434
0.104297334,6.567188127
0.041415075,6.624065773
-0.025891135,6.606530628
0.065870373,6.601322402
0.117210678,6.535444202
0.127933779,6.428826958
0.0224646,6.607076362
0.160005964,6.455522999
0.180172774,6.607713823
0.174585442,6.71448932
0.144368461,6.793058665
0.102603986,6.539956828
0.017706485,6.65537368
0.104553588,6.761774572
0.122547116,6.548116276
0.089334833,6.39701501
0.017949415,6.309279414
-0.080002148,6.284932064
-0.016546437,6.276314622
0.006875329,6.323471758
0.003652538,6.427033863
-0.014361048,6.586712665
-0.001096977,6.435941226
-0.01679013,6.396881576
0.114906409,6.36991117
0.057170563,6.534322056
0.003939495,6.59881851
-0.055362577,6.587276832
0.04323835,6.586682
0.100163943,6.524428172
0.115427077,6.420678876
0.013622832,6.601220512
0.090483082,6.762981475
0.185284644,6.553036644
0.178480426,6.669161316
0.147490418,6.755701447
0.094470314,6.827287418
0.019971918,6.578037016
0.105141694,6.697831513
0.122289387,6.495539487
0.13120223,6.669304666
0.064160355,6.535856098
-0.03158379,6.473152034
0.032380328,6.432275247
0.055325858,6.452440409
0.051025787,6.533424961
0.031621232,6.67420949
0.043095849,6.507557993
0.025679688,6.455184611
0.15548352,6.417006817
0.096452734,6.57252066
0.041998559,6.629711847
-0.018423757,6.612170191
0.079065746,6.606425271
0.135026557,6.539943583
0.149461253,6.432714588
0.0475467,6.61052916
0.124256367,6.769801692
0.218324222,6.557650037
0.211505878,6.672009505
0.180483598,6.757025514
0.127399586,6.82728701
0.05216996,6.576886096
0.13732869,6.695518546
0.153768633,6.492267081
0.162619589,6.665160479
0.094795617,6.531067843
-0.001724653,6.467866429
0.061582055,6.426417795
0.083840231,6.446163162
0.078816447,6.526876363
0.058648364,6.667537696
0.068939737,6.5008918
0.050387675,6.448698012
0.179265955,6.410572133
0.119163822,6.566062603
0.063528567,6.623204401
0.001858984,6.60563162
0.098307749,6.599800799
0.15316638,6.533294717
0.166483263,6.426122665
0.063464396,6.604084671
-0.040762422,6.727050089
0.080972627,6.527446223
0.097586384,6.651417902
0.086411695,6.743750815
0.050145581,6.8195409
-0.010806499,6.57328018
0.086417799,6.694795266
0.113122769,6.49363127
0.130735541,6.668000234
0.070451295,6.534909692
-0.019533264,6.472338114
0.049275081,6.431085143
0.076379073,6.450824479
0.075681058,6.53135696
0.059430383,6.67167672
0.072974621,6.504484561
0.057456855,6.451631824
0.188855198,6.412698501
0.131530631,6.567859789
0.078357493,6.624722159
0.018876016,6.606899395
0.117171822,6.600591432
0.173685495,6.533665681
0.188481856,6.426111068
0.087418258,6.603868669
-0.015102873,6.726566892
0.107424069,6.526341196
0.125385329,6.649828286
0.115351703,6.74166351
0.0800301,6.816949566
0.019171803,6.570193851
0.117130536,6.691044742
0.143724487,6.489319703
0.118207604,6.348062603
0.1105093,6.581404836
0.020361052,6.50976852
0.088711553,6.460734826
0.115037205,6.474017232
0.11332427,6.549231461
0.095887503,6.685216275
0.107711468,6.514518401
0.090487095,6.45892757
0.220373484,6.417610875
0.161411854,6.570746951
0.106500508,6.625905629
0.045235427,6.606688413
0.141988157,6.599159841
0.196928875,6.531280357
0.210171346,6.423024193
0.10762668,6.600318222
0.003721639,6.722764294
0.125070784,6.522287735
0.1419647,6.645711623
0.130992546,6.737643156
0.094887935,6.813158814
0.033410699,6.566738809
0.130889685,6.687809477
0.157164072,6.486394878
0.131519326,6.345506032
0.067110817,6.266282853
-0.024342576,6.249013652
0.044823942,6.245414592
0.073641129,6.296715013
0.075585869,6.403650215
0.06258468,6.566010225
0.078977971,6.417100873
0.066623791,6.379489874
0.040004766,6.627104369
0.022411708,6.752923519
0.001184061,6.78383588
-0.032707923,6.743192877
0.086138476,6.71657212
0.158957559,6.631969387
0.186629824,6.509104195
0.096312136,6.673814836
0.064144838,6.473278416
0.122708568,6.626885751
0.14907601,6.733651811
0.145442112,6.811256517
0.123912346,6.556527636
0.057757292,6.670106223
0.160203092,6.773396826
0.189316848,6.556940136
0.165437942,6.403349404
0.101960414,6.31343154
0.010791605,6.287190762
0.079872638,6.275890747
0.108214352,6.32078394
0.10938687,6.422428471
0.095390184,6.580465424
0.11025608,6.428056936
0.096342208,6.387703566
0.068327283,6.632945679
0.049167535,6.756721528
0.026266062,6.785911047
-0.009350882,6.743852856
0.107996357,6.716011564
0.179283871,6.630450173
0.205440411,6.506873633
0.113633222,6.671095856
0.080106699,6.470288354
0.137488194,6.623646359
0.162772464,6.730343895
0.158185064,6.808036446
0.135889223,6.553526626
0.069105632,6.667425274
0.153372495,6.453368405
0.204927791,6.607151981
0.181903095,6.445208888
0.119000535,6.348344985
0.028261383,6.316325394
0.09751175,6.300088525
0.126053163,6.340866165
0.127512588,6.439052144
0.113929031,6.594144281
0.129052607,6.439137288
0.115582006,6.396509685
0.088364066,6.639995716
0.069972931,6.762391899
0.047819311,6.790491312
0.012930181,6.747561812
-0.040752695,6.653753621
0.057267074,6.584257945
0.106397872,6.473193945
0.034881528,6.647216237
0.018095556,6.453735319
0.090315428,6.612530659
0.128213846,6.723204774
0.13430888,6.803724566
0.120408269,6.551129365
0.061274945,6.666293591
-0.013713319,6.780841655
0.050545228,6.569648051
0.056217724,6.419282751
0.017570036,6.331079816
-0.052744891,6.305452456
0.033763381,6.293660197
0.076723816,6.337574149
0.09016995,6.437923244
0.086493808,6.59447387
0.109402962,6.440418751
